date,Gas
2/1/2015,3
2/1/2015,4
1/1/2016,7
8/1/2015,7
7/1/2015,7
9/1/2015,7
5/1/2015,8
6/1/2015,8
4/1/2015,9
12/1/2015,10
3/1/2015,10
9/1/2016,12
12/1/2016,13
10/1/2016,14
7/1/2016,14
10/1/2017,29
11/1/2015,42
5/1/2014,59
6/1/2014,63
9/1/2015,70
10/1/2018,76
12/1/2015,77
12/1/2016,80
2/1/2018,85
12/1/2018,88
11/1/2014,96
1/1/2018,98
10/1/2016,106
1/1/2015,110
12/1/2015,113
12/1/2017,115
10/1/2015,116
7/1/2014,116
5/1/2016,119
2/1/2016,126
2/1/2018,126
11/1/2017,137
3/1/2018,140
11/1/2017,142
5/1/2018,143
4/1/2018,144
6/1/2014,145
10/1/2017,151
9/1/2017,151
6/1/2018,152
5/1/2014,156
12/1/2017,160
1/1/2018,161
8/1/2017,173
8/1/2015,174
12/1/2016,183
10/1/2016,187
10/1/2014,188
11/1/2016,192
2/1/2017,198
4/1/2015,198
5/1/2016,199
7/1/2018,203
9/1/2016,205
7/1/2017,210
3/1/2018,210
1/1/2017,211
6/1/2015,216
4/1/2016,216
12/1/2017,217
6/1/2016,219
6/1/2017,219
8/1/2016,221
7/1/2016,232
3/1/2017,239
4/1/2016,239
5/1/2017,244
11/1/2015,253
4/1/2017,253
5/1/2014,254
2/1/2016,255
4/1/2014,255
5/1/2016,261
12/1/2015,262
1/1/2016,265
7/1/2015,269
9/1/2014,273
3/1/2016,277
4/1/2014,279
5/1/2018,283
7/1/2014,289
5/1/2017,290
8/1/2016,293
3/1/2016,293
4/1/2017,300
8/1/2017,300
11/1/2017,300
10/1/2017,301
2/1/2014,301
10/1/2017,313
3/1/2018,326
5/1/2018,343
1/1/2018,343
10/1/2017,346
2/1/2017,349
9/1/2017,357
4/1/2018,358
10/1/2014,366
4/1/2017,367
4/1/2015,369
8/1/2017,369
6/1/2017,369
5/1/2017,372
12/1/2014,377
3/1/2017,384
2/1/2015,385
10/1/2018,387
10/1/2015,388
12/1/2018,396
6/1/2018,402
7/1/2017,410
4/1/2018,413
8/1/2014,420
1/1/2015,426
11/1/2015,443
9/1/2015,445
1/1/2017,472
8/1/2018,477
9/1/2015,477
12/1/2017,481
8/1/2017,493
9/1/2018,494
5/1/2018,498
8/1/2014,501
12/1/2016,505
10/1/2016,506
8/1/2018,514
6/1/2014,543
3/1/2015,550
5/1/2015,557
4/1/2016,558
10/1/2015,559
10/1/2015,570
11/1/2016,581
9/1/2015,584
11/1/2014,584
2/1/2018,587
8/1/2014,588
9/1/2018,589
7/1/2018,592
12/1/2016,602
6/1/2014,602
11/1/2014,607
9/1/2017,613
10/1/2016,613
4/1/2017,617
9/1/2016,619
2/1/2015,620
3/1/2016,630
3/1/2017,633
12/1/2014,648
3/1/2018,651
6/1/2018,651
11/1/2018,653
7/1/2014,655
8/1/2017,657
8/1/2016,657
12/1/2018,658
1/1/2015,659
7/1/2016,659
11/1/2018,662
11/1/2015,665
2/1/2017,676
4/1/2018,680
7/1/2017,682
5/1/2016,682
5/1/2018,687
6/1/2016,692
11/1/2018,695
1/1/2018,698
6/1/2015,699
4/1/2017,699
10/1/2018,700
1/1/2016,725
12/1/2017,725
7/1/2014,732
4/1/2015,735
8/1/2017,735
10/1/2017,738
11/1/2014,747
2/1/2016,755
4/1/2018,757
4/1/2014,768
8/1/2018,771
7/1/2015,777
9/1/2014,780
2/1/2017,791
9/1/2014,794
3/1/2018,794
7/1/2015,795
9/1/2015,808
7/1/2016,812
1/1/2015,828
6/1/2016,836
7/1/2015,837
11/1/2017,838
3/1/2014,849
2/1/2017,854
11/1/2014,858
3/1/2014,860
8/1/2016,862
10/1/2017,865
5/1/2016,869
9/1/2016,871
3/1/2014,872
7/1/2015,876
10/1/2015,877
5/1/2017,878
2/1/2018,882
6/1/2017,888
8/1/2017,891
9/1/2018,893
11/1/2017,894
8/1/2018,895
4/1/2017,896
3/1/2016,898
8/1/2014,901
9/1/2008,911
11/1/2017,915
9/1/2015,916
5/1/2018,920
4/1/2017,925
2/1/2014,929
4/1/2017,934
10/1/2014,943
8/1/2015,947
12/1/2017,948
9/1/2017,950
6/1/2017,952
2/1/2016,955
11/1/2015,959
5/1/2017,968
12/1/2015,970
2/1/2018,972
7/1/2014,972
9/1/2017,974
6/1/2015,975
12/1/2014,977
10/1/2017,980
4/1/2018,984
3/1/2017,985
1/1/2018,988
11/1/2017,991
2/1/2018,996
12/1/2016,1002
6/1/2015,1003
9/1/2015,1009
3/1/2017,1010
1/1/2018,1011
7/1/2015,1013
7/1/2018,1018
10/1/2016,1022
6/1/2017,1023
9/1/2018,1024
10/1/2014,1026
1/1/2016,1044
5/1/2017,1045
4/1/2018,1049
8/1/2014,1050
11/1/2017,1055
5/1/2015,1061
8/1/2015,1063
1/1/2016,1074
4/1/2016,1081
6/1/2015,1096
1/1/2015,1097
1/1/2018,1100
1/1/2018,1101
8/1/2017,1108
10/1/2015,1113
4/1/2016,1114
2/1/2017,1124
9/1/2017,1126
8/1/2017,1127
2/1/2015,1129
3/1/2016,1130
7/1/2017,1132
11/1/2015,1135
5/1/2018,1140
11/1/2014,1141
2/1/2017,1144
7/1/2014,1147
2/1/2015,1153
11/1/2015,1154
12/1/2017,1159
4/1/2014,1161
3/1/2018,1162
10/1/2017,1165
8/1/2015,1172
3/1/2018,1172
12/1/2015,1176
11/1/2017,1180
2/1/2014,1187
5/1/2015,1187
12/1/2015,1188
9/1/2016,1189
1/1/2017,1190
1/1/2016,1201
1/1/2017,1204
1/1/2016,1208
5/1/2014,1213
4/1/2015,1213
10/1/2015,1214
8/1/2014,1215
11/1/2018,1216
1/1/2014,1217
1/1/2017,1218
3/1/2017,1218
12/1/2017,1219
10/1/2017,1221
7/1/2015,1224
11/1/2016,1236
3/1/2014,1237
9/1/2015,1238
9/1/2014,1254
6/1/2014,1254
10/1/2015,1262
5/1/2014,1263
10/1/2014,1265
2/1/2018,1273
9/1/2014,1277
2/1/2016,1278
11/1/2017,1287
10/1/2015,1291
3/1/2015,1302
2/1/2017,1303
2/1/2016,1303
4/1/2014,1304
7/1/2015,1305
1/1/2017,1308
7/1/2015,1311
1/1/2018,1317
10/1/2014,1317
5/1/2015,1320
6/1/2014,1330
6/1/2016,1331
12/1/2017,1331
7/1/2015,1334
10/1/2018,1335
6/1/2016,1340
5/1/2015,1350
5/1/2014,1352
3/1/2016,1352
3/1/2014,1359
9/1/2014,1362
12/1/2016,1373
2/1/2017,1380
3/1/2014,1382
5/1/2015,1395
11/1/2017,1396
6/1/2014,1410
1/1/2019,1420
11/1/2016,1430
5/1/2015,1441
2/1/2015,1444
8/1/2015,1445
8/1/2014,1452
11/1/2015,1455
10/1/2016,1458
10/1/2015,1468
7/1/2018,1469
6/1/2017,1470
3/1/2018,1470
7/1/2016,1483
8/1/2015,1485
1/1/2016,1487
8/1/2017,1488
8/1/2014,1489
11/1/2014,1489
8/1/2014,1493
4/1/2015,1493
1/1/2016,1500
5/1/2018,1501
3/1/2017,1502
10/1/2017,1505
10/1/2016,1512
1/1/2015,1515
12/1/2016,1524
7/1/2016,1524
12/1/2014,1526
8/1/2015,1529
6/1/2014,1530
5/1/2015,1531
9/1/2015,1537
9/1/2014,1539
8/1/2015,1542
2/1/2016,1544
1/1/2016,1545
5/1/2018,1548
1/1/2016,1548
8/1/2014,1549
9/1/2014,1565
8/1/2015,1569
5/1/2017,1571
12/1/2015,1576
12/1/2015,1584
12/1/2016,1586
5/1/2015,1590
7/1/2014,1596
12/1/2017,1598
7/1/2017,1601
6/1/2015,1609
12/1/2014,1615
6/1/2015,1619
2/1/2016,1620
4/1/2017,1624
5/1/2016,1630
1/1/2017,1632
11/1/2014,1632
3/1/2014,1639
3/1/2015,1639
12/1/2018,1643
10/1/2016,1645
5/1/2016,1646
5/1/2017,1648
2/1/2015,1651
3/1/2015,1652
11/1/2014,1653
2/1/2015,1656
10/1/2014,1657
11/1/2017,1666
6/1/2015,1669
11/1/2014,1671
11/1/2015,1672
5/1/2017,1672
7/1/2015,1683
4/1/2015,1691
10/1/2014,1693
2/1/2017,1695
11/1/2018,1697
9/1/2018,1708
10/1/2017,1714
3/1/2016,1717
4/1/2016,1718
1/1/2019,1721
7/1/2016,1723
5/1/2014,1725
1/1/2018,1730
4/1/2015,1732
1/1/2019,1736
4/1/2016,1736
10/1/2015,1738
6/1/2018,1740
4/1/2014,1741
6/1/2015,1741
7/1/2014,1742
9/1/2014,1745
4/1/2015,1745
7/1/2017,1755
3/1/2015,1755
8/1/2015,1756
7/1/2014,1757
9/1/2016,1765
5/1/2015,1765
1/1/2016,1769
7/1/2015,1771
12/1/2018,1773
11/1/2014,1774
12/1/2014,1777
4/1/2015,1780
11/1/2018,1786
11/1/2017,1790
5/1/2017,1794
9/1/2014,1804
6/1/2017,1809
9/1/2016,1813
12/1/2014,1814
6/1/2017,1815
11/1/2016,1816
5/1/2018,1818
4/1/2018,1819
3/1/2015,1820
8/1/2014,1826
5/1/2018,1827
5/1/2015,1829
2/1/2015,1830
8/1/2015,1830
2/1/2015,1831
11/1/2014,1833
6/1/2015,1834
10/1/2014,1834
5/1/2015,1838
11/1/2016,1839
6/1/2016,1841
11/1/2018,1842
3/1/2017,1844
2/1/2018,1845
11/1/2017,1845
3/1/2014,1848
12/1/2014,1849
3/1/2017,1851
10/1/2015,1853
3/1/2017,1857
7/1/2015,1858
8/1/2016,1859
7/1/2014,1860
8/1/2015,1864
10/1/2018,1874
4/1/2018,1875
2/1/2018,1876
12/1/2018,1879
9/1/2015,1879
11/1/2014,1879
5/1/2017,1880
8/1/2017,1884
10/1/2015,1885
4/1/2014,1892
7/1/2015,1893
3/1/2018,1897
6/1/2015,1908
5/1/2014,1914
1/1/2015,1918
10/1/2014,1919
2/1/2017,1925
6/1/2018,1926
6/1/2014,1926
1/1/2016,1928
12/1/2014,1931
6/1/2015,1932
4/1/2018,1935
10/1/2018,1936
9/1/2014,1939
11/1/2015,1940
8/1/2016,1941
2/1/2015,1942
8/1/2018,1945
4/1/2015,1953
8/1/2017,1957
1/1/2015,1958
4/1/2014,1961
8/1/2015,1969
9/1/2018,1970
9/1/2014,1973
6/1/2016,1973
1/1/2017,1974
5/1/2016,1975
10/1/2015,1976
7/1/2018,1976
5/1/2014,1977
7/1/2017,1985
2/1/2017,1985
10/1/2016,1985
8/1/2018,1991
3/1/2017,1994
8/1/2017,1995
5/1/2018,1999
9/1/2018,2001
8/1/2014,2005
6/1/2018,2006
7/1/2016,2015
1/1/2018,2018
6/1/2014,2018
11/1/2018,2020
6/1/2016,2020
6/1/2014,2026
9/1/2015,2034
10/1/2018,2037
6/1/2016,2037
12/1/2014,2052
6/1/2014,2055
1/1/2019,2059
7/1/2015,2065
6/1/2015,2065
6/1/2014,2066
8/1/2017,2066
12/1/2016,2073
11/1/2015,2073
9/1/2014,2074
1/1/2015,2076
9/1/2015,2079
8/1/2014,2080
7/1/2015,2081
6/1/2017,2082
9/1/2018,2083
5/1/2017,2085
4/1/2016,2086
12/1/2017,2088
12/1/2014,2092
12/1/2014,2094
4/1/2014,2096
7/1/2018,2100
8/1/2017,2101
4/1/2017,2101
9/1/2015,2102
8/1/2015,2104
7/1/2015,2109
5/1/2015,2111
3/1/2015,2116
6/1/2016,2117
8/1/2014,2120
1/1/2019,2125
10/1/2016,2128
8/1/2014,2128
2/1/2014,2131
4/1/2015,2133
4/1/2015,2135
9/1/2018,2139
6/1/2018,2143
4/1/2017,2146
5/1/2016,2149
5/1/2016,2150
11/1/2018,2155
3/1/2016,2155
3/1/2016,2157
11/1/2015,2159
12/1/2014,2164
3/1/2018,2168
7/1/2016,2170
5/1/2014,2171
1/1/2016,2174
1/1/2015,2183
2/1/2016,2187
9/1/2017,2191
6/1/2016,2201
10/1/2014,2202
1/1/2017,2205
3/1/2018,2207
1/1/2016,2212
8/1/2016,2220
10/1/2014,2225
10/1/2014,2226
5/1/2015,2231
1/1/2015,2231
9/1/2014,2234
12/1/2018,2235
4/1/2017,2235
8/1/2016,2235
8/1/2018,2238
12/1/2017,2243
7/1/2017,2244
10/1/2015,2246
6/1/2018,2247
9/1/2018,2252
7/1/2015,2253
9/1/2016,2255
6/1/2016,2257
10/1/2014,2260
12/1/2014,2262
12/1/2014,2266
8/1/2014,2270
10/1/2016,2274
10/1/2015,2283
9/1/2017,2286
6/1/2018,2290
9/1/2017,2303
11/1/2014,2305
9/1/2015,2306
2/1/2016,2310
11/1/2015,2312
10/1/2014,2314
9/1/2016,2314
9/1/2014,2319
6/1/2014,2333
6/1/2016,2334
7/1/2016,2334
11/1/2014,2335
11/1/2016,2336
9/1/2017,2337
4/1/2014,2343
1/1/2015,2343
2/1/2016,2344
2/1/2015,2344
8/1/2014,2349
6/1/2014,2352
8/1/2015,2354
12/1/2016,2357
3/1/2015,2358
8/1/2014,2360
7/1/2014,2366
4/1/2015,2367
3/1/2015,2373
11/1/2014,2377
5/1/2018,2379
10/1/2015,2380
3/1/2014,2380
8/1/2014,2382
4/1/2015,2385
2/1/2017,2391
8/1/2014,2400
1/1/2016,2401
10/1/2017,2404
6/1/2015,2405
2/1/2015,2410
12/1/2013,2413
5/1/2016,2418
10/1/2014,2419
10/1/2014,2423
10/1/2015,2428
12/1/2014,2431
2/1/2018,2432
7/1/2015,2436
10/1/2014,2449
3/1/2017,2449
6/1/2016,2455
1/1/2019,2459
1/1/2015,2459
10/1/2018,2464
9/1/2014,2468
11/1/2014,2470
2/1/2015,2470
9/1/2014,2472
7/1/2017,2478
4/1/2015,2482
1/1/2015,2485
10/1/2018,2485
11/1/2014,2487
7/1/2015,2498
2/1/2015,2502
9/1/2014,2502
3/1/2015,2505
9/1/2017,2507
2/1/2015,2507
1/1/2017,2508
4/1/2015,2509
2/1/2016,2510
7/1/2017,2511
11/1/2016,2512
3/1/2016,2513
2/1/2015,2513
1/1/2018,2514
11/1/2014,2514
3/1/2014,2514
2/1/2015,2516
8/1/2017,2516
2/1/2018,2517
5/1/2017,2518
5/1/2014,2524
1/1/2015,2525
4/1/2018,2529
6/1/2015,2533
10/1/2018,2533
5/1/2015,2534
4/1/2014,2534
6/1/2015,2540
5/1/2015,2540
2/1/2018,2541
10/1/2018,2543
3/1/2015,2544
8/1/2015,2544
4/1/2016,2545
2/1/2016,2545
11/1/2015,2545
12/1/2015,2546
7/1/2014,2546
9/1/2016,2548
4/1/2015,2548
9/1/2014,2548
2/1/2015,2548
10/1/2014,2552
2/1/2015,2553
10/1/2014,2561
5/1/2014,2566
8/1/2018,2574
11/1/2014,2577
2/1/2015,2579
9/1/2018,2579
4/1/2015,2581
6/1/2015,2586
1/1/2018,2586
5/1/2015,2593
3/1/2015,2593
7/1/2015,2596
11/1/2016,2600
12/1/2014,2602
5/1/2017,2603
10/1/2014,2604
12/1/2018,2609
3/1/2017,2611
11/1/2018,2615
1/1/2016,2617
4/1/2015,2621
10/1/2018,2625
10/1/2014,2625
3/1/2018,2627
11/1/2018,2634
2/1/2015,2635
1/1/2015,2648
1/1/2014,2649
4/1/2017,2650
8/1/2015,2651
1/1/2018,2652
3/1/2015,2654
3/1/2015,2655
7/1/2016,2657
7/1/2015,2666
12/1/2014,2673
9/1/2016,2673
5/1/2016,2675
5/1/2014,2677
7/1/2018,2679
1/1/2015,2685
12/1/2017,2685
6/1/2014,2685
6/1/2014,2686
9/1/2014,2692
12/1/2017,2693
10/1/2017,2697
11/1/2017,2698
6/1/2018,2698
4/1/2018,2702
8/1/2016,2707
9/1/2015,2708
3/1/2018,2716
5/1/2016,2717
1/1/2017,2718
7/1/2017,2719
10/1/2014,2721
1/1/2015,2722
9/1/2015,2723
3/1/2015,2726
7/1/2016,2735
5/1/2018,2737
7/1/2017,2738
5/1/2017,2741
10/1/2014,2743
5/1/2015,2747
1/1/2018,2747
3/1/2015,2748
5/1/2015,2749
5/1/2016,2749
4/1/2015,2750
3/1/2015,2752
2/1/2015,2761
5/1/2014,2768
6/1/2016,2769
4/1/2015,2770
8/1/2016,2776
11/1/2014,2779
3/1/2018,2785
9/1/2016,2791
4/1/2015,2796
6/1/2016,2800
6/1/2017,2801
3/1/2015,2801
7/1/2014,2802
8/1/2015,2802
5/1/2014,2804
7/1/2015,2806
11/1/2015,2817
8/1/2016,2818
6/1/2016,2820
6/1/2016,2822
1/1/2018,2822
12/1/2015,2823
7/1/2015,2828
4/1/2016,2833
2/1/2015,2834
9/1/2015,2835
4/1/2015,2835
2/1/2016,2845
7/1/2017,2848
8/1/2018,2857
12/1/2018,2862
9/1/2018,2868
12/1/2017,2872
2/1/2016,2891
4/1/2016,2896
3/1/2016,2896
2/1/2018,2897
9/1/2015,2898
8/1/2015,2901
10/1/2014,2912
5/1/2018,2915
4/1/2014,2918
8/1/2018,2919
10/1/2018,2920
7/1/2015,2929
5/1/2018,2945
3/1/2016,2948
5/1/2015,2951
10/1/2017,2952
9/1/2015,2959
9/1/2016,2960
11/1/2014,2964
1/1/2015,2965
7/1/2017,2972
6/1/2018,2986
10/1/2017,2986
8/1/2015,2991
12/1/2016,2993
4/1/2015,2996
10/1/2015,2998
9/1/2015,3008
11/1/2015,3009
11/1/2017,3010
7/1/2015,3011
5/1/2015,3013
5/1/2015,3018
10/1/2015,3021
4/1/2018,3024
7/1/2015,3027
7/1/2015,3034
1/1/2015,3037
11/1/2014,3039
12/1/2014,3043
4/1/2015,3043
8/1/2014,3052
2/1/2014,3055
9/1/2016,3061
5/1/2016,3069
4/1/2014,3071
4/1/2015,3073
6/1/2016,3074
11/1/2015,3075
10/1/2015,3076
2/1/2015,3078
6/1/2018,3084
12/1/2014,3084
2/1/2015,3084
12/1/2018,3089
5/1/2016,3099
3/1/2015,3102
12/1/2018,3102
2/1/2018,3103
3/1/2017,3103
11/1/2015,3103
1/1/2015,3105
4/1/2017,3112
7/1/2015,3117
8/1/2014,3120
5/1/2017,3127
5/1/2014,3129
5/1/2015,3129
2/1/2015,3133
8/1/2016,3135
1/1/2016,3140
3/1/2016,3151
8/1/2017,3154
5/1/2014,3155
1/1/2015,3158
7/1/2014,3164
9/1/2018,3170
8/1/2014,3170
3/1/2016,3172
10/1/2015,3173
10/1/2015,3176
12/1/2017,3182
2/1/2015,3183
3/1/2016,3183
4/1/2015,3189
2/1/2015,3191
9/1/2014,3191
9/1/2017,3193
5/1/2015,3194
8/1/2015,3194
10/1/2017,3195
8/1/2014,3200
8/1/2015,3207
3/1/2015,3210
1/1/2019,3211
12/1/2018,3217
3/1/2016,3218
5/1/2018,3220
11/1/2018,3221
5/1/2015,3226
1/1/2017,3231
5/1/2016,3235
10/1/2015,3238
8/1/2018,3243
12/1/2014,3257
10/1/2014,3258
6/1/2015,3269
10/1/2018,3273
7/1/2014,3273
12/1/2016,3275
6/1/2016,3275
7/1/2015,3287
4/1/2015,3290
6/1/2017,3295
2/1/2015,3300
1/1/2015,3301
9/1/2016,3305
11/1/2014,3307
1/1/2017,3307
11/1/2015,3308
8/1/2018,3312
8/1/2018,3314
6/1/2017,3317
8/1/2017,3331
8/1/2018,3332
3/1/2015,3334
10/1/2015,3342
4/1/2015,3348
7/1/2014,3351
2/1/2018,3351
10/1/2017,3352
9/1/2018,3355
4/1/2017,3356
8/1/2015,3358
11/1/2015,3361
11/1/2014,3362
3/1/2015,3363
3/1/2017,3368
11/1/2016,3370
9/1/2014,3370
10/1/2015,3371
8/1/2017,3375
7/1/2017,3380
8/1/2015,3380
8/1/2015,3392
8/1/2015,3395
2/1/2015,3402
5/1/2017,3406
2/1/2017,3406
6/1/2014,3412
5/1/2015,3413
9/1/2017,3414
12/1/2014,3426
9/1/2015,3428
3/1/2015,3435
1/1/2017,3436
9/1/2015,3439
10/1/2015,3440
12/1/2015,3442
12/1/2014,3447
12/1/2014,3448
10/1/2014,3449
6/1/2015,3451
7/1/2015,3452
10/1/2014,3453
12/1/2017,3460
3/1/2015,3466
10/1/2017,3474
6/1/2016,3477
6/1/2018,3479
7/1/2017,3480
4/1/2017,3485
8/1/2014,3494
12/1/2014,3494
6/1/2015,3497
9/1/2018,3503
6/1/2015,3504
4/1/2015,3504
7/1/2018,3504
12/1/2015,3504
3/1/2016,3507
8/1/2017,3510
4/1/2015,3519
11/1/2015,3520
11/1/2017,3528
1/1/2015,3534
11/1/2014,3538
3/1/2018,3538
5/1/2015,3539
10/1/2016,3539
6/1/2017,3541
4/1/2015,3546
8/1/2014,3548
10/1/2015,3549
7/1/2015,3554
4/1/2015,3557
3/1/2017,3557
9/1/2014,3562
9/1/2017,3563
12/1/2015,3564
10/1/2017,3564
6/1/2015,3566
1/1/2015,3566
7/1/2015,3567
8/1/2015,3573
6/1/2017,3580
1/1/2019,3581
11/1/2014,3591
1/1/2018,3598
9/1/2016,3599
5/1/2015,3602
6/1/2018,3602
2/1/2018,3603
6/1/2015,3604
9/1/2015,3606
2/1/2015,3609
5/1/2015,3613
9/1/2014,3615
10/1/2016,3618
12/1/2014,3618
5/1/2017,3619
6/1/2015,3620
4/1/2014,3621
9/1/2014,3623
3/1/2017,3634
9/1/2015,3636
4/1/2014,3641
3/1/2014,3641
8/1/2014,3643
4/1/2015,3651
2/1/2018,3652
12/1/2016,3658
3/1/2015,3658
3/1/2017,3662
9/1/2014,3662
2/1/2018,3668
11/1/2015,3674
3/1/2014,3679
4/1/2018,3680
1/1/2019,3682
5/1/2015,3683
6/1/2016,3684
2/1/2015,3694
7/1/2018,3695
5/1/2014,3705
6/1/2014,3710
8/1/2015,3711
10/1/2015,3712
12/1/2015,3716
10/1/2014,3716
3/1/2015,3717
4/1/2015,3717
1/1/2015,3732
1/1/2014,3733
5/1/2018,3733
9/1/2015,3741
5/1/2016,3745
1/1/2015,3749
4/1/2016,3754
11/1/2016,3759
7/1/2018,3764
7/1/2015,3764
11/1/2014,3766
4/1/2017,3769
1/1/2016,3771
6/1/2015,3780
6/1/2015,3781
1/1/2015,3781
4/1/2016,3782
12/1/2015,3784
10/1/2014,3791
6/1/2015,3792
4/1/2014,3792
12/1/2015,3793
11/1/2015,3794
4/1/2018,3795
5/1/2015,3798
1/1/2015,3798
8/1/2014,3807
11/1/2014,3809
1/1/2015,3811
10/1/2015,3811
5/1/2014,3812
12/1/2015,3815
1/1/2015,3819
7/1/2016,3819
10/1/2015,3823
9/1/2016,3824
11/1/2015,3825
11/1/2016,3826
5/1/2018,3830
8/1/2015,3830
12/1/2017,3833
6/1/2016,3836
5/1/2015,3837
1/1/2016,3842
5/1/2016,3844
12/1/2014,3848
5/1/2015,3852
9/1/2015,3868
7/1/2016,3868
6/1/2015,3871
11/1/2016,3873
8/1/2016,3877
3/1/2016,3878
12/1/2017,3902
7/1/2015,3908
12/1/2015,3909
10/1/2014,3911
10/1/2014,3914
12/1/2017,3916
4/1/2015,3918
7/1/2015,3924
12/1/2015,3935
9/1/2015,3937
9/1/2017,3938
5/1/2015,3947
7/1/2015,3953
1/1/2015,3955
8/1/2015,3960
7/1/2018,3960
11/1/2015,3977
8/1/2018,3977
3/1/2018,3979
10/1/2014,3979
4/1/2017,3979
8/1/2016,3983
6/1/2014,3986
4/1/2018,3987
7/1/2014,3995
9/1/2014,3996
11/1/2018,3997
7/1/2017,4004
1/1/2015,4007
11/1/2014,4009
11/1/2014,4011
3/1/2016,4013
4/1/2017,4015
1/1/2018,4018
6/1/2017,4020
10/1/2014,4022
10/1/2015,4024
10/1/2018,4024
7/1/2017,4028
2/1/2017,4029
10/1/2015,4029
5/1/2016,4030
10/1/2017,4030
8/1/2016,4035
11/1/2014,4038
5/1/2018,4039
9/1/2018,4044
5/1/2016,4045
2/1/2015,4046
5/1/2015,4049
11/1/2018,4053
8/1/2015,4056
4/1/2014,4060
3/1/2015,4060
7/1/2015,4061
4/1/2015,4063
9/1/2014,4064
11/1/2014,4064
10/1/2014,4064
10/1/2015,4064
7/1/2015,4075
8/1/2014,4083
5/1/2014,4084
6/1/2017,4085
4/1/2015,4087
4/1/2015,4089
5/1/2017,4090
7/1/2014,4094
6/1/2015,4097
3/1/2016,4098
12/1/2016,4102
10/1/2017,4103
1/1/2017,4109
10/1/2014,4115
7/1/2014,4116
10/1/2015,4116
2/1/2018,4117
12/1/2014,4117
4/1/2015,4121
2/1/2015,4121
10/1/2014,4127
9/1/2017,4128
4/1/2015,4128
7/1/2017,4129
6/1/2018,4131
9/1/2014,4131
4/1/2015,4132
3/1/2015,4134
8/1/2015,4139
2/1/2016,4139
2/1/2016,4140
1/1/2017,4143
3/1/2015,4150
3/1/2015,4151
7/1/2015,4153
2/1/2015,4155
12/1/2014,4157
4/1/2015,4158
11/1/2015,4159
5/1/2015,4161
11/1/2016,4165
1/1/2018,4167
1/1/2018,4173
3/1/2015,4178
6/1/2017,4178
7/1/2014,4184
2/1/2017,4185
3/1/2018,4186
7/1/2016,4194
10/1/2018,4197
7/1/2014,4200
7/1/2014,4206
10/1/2014,4207
5/1/2015,4209
7/1/2014,4209
9/1/2014,4209
4/1/2016,4211
5/1/2017,4216
7/1/2017,4217
2/1/2015,4222
9/1/2015,4223
12/1/2014,4224
3/1/2016,4225
11/1/2018,4229
7/1/2014,4236
6/1/2015,4237
5/1/2016,4241
6/1/2014,4244
8/1/2014,4244
5/1/2018,4246
6/1/2015,4252
9/1/2014,4255
2/1/2018,4263
12/1/2018,4266
5/1/2015,4273
4/1/2015,4274
9/1/2015,4275
4/1/2016,4277
6/1/2015,4277
5/1/2014,4278
3/1/2015,4282
3/1/2014,4284
5/1/2015,4299
11/1/2014,4301
1/1/2016,4302
9/1/2015,4323
1/1/2018,4326
11/1/2017,4327
12/1/2014,4328
6/1/2015,4334
7/1/2018,4338
3/1/2015,4338
11/1/2014,4342
6/1/2018,4342
5/1/2018,4343
7/1/2014,4345
10/1/2014,4346
8/1/2014,4346
11/1/2018,4350
1/1/2018,4356
11/1/2014,4366
9/1/2015,4372
11/1/2015,4373
5/1/2014,4378
11/1/2014,4385
7/1/2015,4391
12/1/2015,4393
9/1/2015,4395
1/1/2015,4398
6/1/2014,4398
8/1/2017,4400
9/1/2015,4400
5/1/2015,4403
2/1/2015,4404
11/1/2014,4407
2/1/2018,4412
12/1/2014,4413
3/1/2015,4413
3/1/2015,4413
3/1/2015,4415
3/1/2015,4418
9/1/2014,4421
6/1/2015,4424
4/1/2015,4425
9/1/2018,4427
2/1/2016,4429
12/1/2014,4429
11/1/2014,4429
12/1/2016,4436
10/1/2018,4443
9/1/2018,4446
6/1/2014,4447
4/1/2014,4447
12/1/2017,4449
9/1/2017,4449
2/1/2016,4450
12/1/2014,4460
8/1/2015,4468
6/1/2015,4470
2/1/2015,4471
11/1/2017,4474
11/1/2015,4478
4/1/2018,4479
7/1/2017,4480
4/1/2014,4485
8/1/2017,4485
9/1/2014,4486
10/1/2015,4487
4/1/2014,4488
12/1/2015,4492
10/1/2016,4494
3/1/2014,4498
7/1/2014,4500
9/1/2014,4502
11/1/2015,4504
8/1/2018,4516
8/1/2015,4516
2/1/2018,4516
1/1/2015,4525
3/1/2015,4528
9/1/2015,4540
5/1/2016,4542
11/1/2013,4546
4/1/2018,4550
11/1/2017,4553
12/1/2014,4555
2/1/2015,4555
6/1/2014,4561
1/1/2015,4561
10/1/2015,4563
8/1/2015,4572
1/1/2015,4572
2/1/2014,4573
4/1/2014,4573
10/1/2015,4577
7/1/2016,4580
6/1/2014,4583
8/1/2018,4585
3/1/2014,4587
11/1/2015,4593
4/1/2016,4593
1/1/2014,4593
10/1/2016,4597
1/1/2016,4600
5/1/2017,4601
2/1/2017,4609
6/1/2018,4611
5/1/2018,4623
9/1/2017,4630
11/1/2017,4632
3/1/2018,4633
5/1/2015,4634
5/1/2016,4635
4/1/2015,4641
11/1/2014,4650
7/1/2014,4651
3/1/2015,4655
11/1/2018,4664
3/1/2016,4666
5/1/2017,4676
8/1/2014,4676
2/1/2015,4679
8/1/2015,4685
5/1/2018,4687
2/1/2014,4690
5/1/2014,4695
10/1/2017,4698
5/1/2014,4700
10/1/2014,4704
10/1/2018,4706
10/1/2016,4711
1/1/2015,4715
1/1/2015,4716
11/1/2014,4722
3/1/2014,4727
11/1/2014,4734
7/1/2015,4741
7/1/2015,4749
12/1/2018,4755
5/1/2014,4755
12/1/2016,4756
2/1/2015,4756
9/1/2014,4757
7/1/2015,4758
10/1/2017,4761
12/1/2015,4765
10/1/2015,4765
4/1/2015,4766
7/1/2018,4778
11/1/2017,4783
3/1/2014,4785
2/1/2016,4788
12/1/2015,4790
1/1/2015,4801
2/1/2017,4803
3/1/2018,4803
2/1/2016,4806
9/1/2014,4808
11/1/2014,4809
3/1/2017,4814
10/1/2017,4820
10/1/2015,4827
12/1/2015,4833
5/1/2016,4846
6/1/2014,4852
7/1/2017,4853
8/1/2015,4859
6/1/2014,4860
9/1/2014,4862
12/1/2015,4863
5/1/2015,4864
2/1/2015,4871
4/1/2014,4872
10/1/2016,4876
12/1/2016,4879
6/1/2014,4882
10/1/2015,4883
6/1/2016,4885
12/1/2015,4887
6/1/2018,4888
8/1/2017,4888
2/1/2016,4890
1/1/2016,4892
9/1/2014,4898
12/1/2014,4900
4/1/2015,4903
6/1/2015,4905
10/1/2015,4906
7/1/2014,4907
4/1/2015,4908
1/1/2015,4916
5/1/2015,4917
2/1/2014,4920
9/1/2017,4920
11/1/2014,4929
5/1/2016,4933
9/1/2016,4936
6/1/2014,4936
8/1/2017,4940
12/1/2014,4941
12/1/2016,4943
11/1/2018,4951
5/1/2015,4955
11/1/2015,4964
8/1/2015,4973
8/1/2015,4986
5/1/2015,4987
3/1/2015,4997
12/1/2014,4998
1/1/2018,5005
11/1/2015,5008
6/1/2014,5012
4/1/2018,5014
9/1/2018,5020
3/1/2014,5024
7/1/2015,5024
5/1/2014,5027
5/1/2014,5029
2/1/2015,5041
1/1/2015,5046
8/1/2014,5047
9/1/2014,5055
12/1/2017,5062
7/1/2017,5063
3/1/2016,5070
2/1/2015,5074
6/1/2014,5075
2/1/2015,5075
6/1/2015,5076
9/1/2018,5078
8/1/2014,5084
4/1/2016,5091
1/1/2016,5094
12/1/2018,5095
6/1/2015,5105
12/1/2016,5110
9/1/2015,5117
6/1/2015,5118
2/1/2015,5129
1/1/2018,5131
6/1/2014,5134
12/1/2017,5134
1/1/2017,5137
9/1/2015,5137
10/1/2014,5139
9/1/2016,5141
3/1/2014,5141
1/1/2017,5144
4/1/2015,5146
4/1/2016,5148
8/1/2018,5151
2/1/2016,5167
5/1/2016,5181
5/1/2015,5185
4/1/2015,5186
7/1/2015,5188
2/1/2016,5188
1/1/2015,5189
3/1/2018,5191
4/1/2014,5193
11/1/2014,5196
6/1/2014,5197
2/1/2015,5199
9/1/2018,5200
7/1/2014,5220
3/1/2015,5221
10/1/2018,5223
5/1/2018,5223
4/1/2015,5225
4/1/2015,5235
12/1/2014,5241
11/1/2014,5250
11/1/2017,5252
10/1/2014,5255
6/1/2014,5256
9/1/2015,5257
3/1/2015,5258
3/1/2018,5261
2/1/2015,5262
10/1/2016,5265
8/1/2015,5267
2/1/2014,5268
12/1/2018,5273
11/1/2014,5278
12/1/2014,5279
11/1/2015,5280
5/1/2017,5280
9/1/2015,5287
1/1/2015,5287
7/1/2014,5287
9/1/2015,5288
12/1/2015,5289
8/1/2018,5292
7/1/2018,5296
3/1/2015,5299
11/1/2015,5300
3/1/2016,5306
11/1/2014,5306
3/1/2015,5307
7/1/2015,5313
12/1/2014,5319
9/1/2016,5320
6/1/2014,5322
1/1/2015,5324
8/1/2014,5335
4/1/2018,5337
4/1/2014,5344
10/1/2015,5353
12/1/2018,5361
12/1/2015,5361
9/1/2014,5365
9/1/2014,5369
5/1/2014,5372
4/1/2014,5382
12/1/2014,5388
11/1/2016,5388
10/1/2014,5394
5/1/2015,5402
3/1/2015,5405
9/1/2014,5408
12/1/2015,5409
10/1/2014,5416
10/1/2014,5417
3/1/2018,5430
4/1/2015,5431
12/1/2014,5431
11/1/2015,5434
7/1/2014,5434
2/1/2015,5441
2/1/2015,5441
6/1/2017,5444
1/1/2015,5445
12/1/2015,5454
12/1/2018,5454
9/1/2014,5463
6/1/2016,5464
7/1/2018,5468
7/1/2016,5493
6/1/2018,5493
9/1/2014,5496
1/1/2019,5500
1/1/2018,5506
4/1/2015,5507
6/1/2015,5514
4/1/2015,5515
6/1/2015,5516
4/1/2016,5516
7/1/2014,5518
2/1/2015,5519
6/1/2017,5520
2/1/2015,5525
7/1/2014,5534
5/1/2015,5537
1/1/2019,5541
7/1/2015,5543
6/1/2015,5547
8/1/2016,5549
8/1/2015,5555
6/1/2015,5555
4/1/2014,5562
2/1/2016,5564
12/1/2015,5564
9/1/2015,5565
8/1/2016,5571
9/1/2014,5572
8/1/2015,5574
2/1/2014,5581
6/1/2015,5584
6/1/2015,5594
4/1/2015,5606
4/1/2014,5608
1/1/2015,5619
11/1/2014,5629
4/1/2017,5637
4/1/2015,5643
9/1/2015,5644
2/1/2015,5649
3/1/2014,5651
4/1/2015,5653
11/1/2014,5654
8/1/2014,5655
2/1/2015,5657
4/1/2015,5658
1/1/2016,5670
12/1/2015,5672
3/1/2015,5680
8/1/2018,5685
5/1/2015,5695
8/1/2016,5696
2/1/2016,5700
1/1/2015,5705
4/1/2017,5708
11/1/2017,5712
6/1/2014,5720
9/1/2015,5723
3/1/2015,5724
8/1/2018,5732
8/1/2015,5733
12/1/2016,5736
10/1/2015,5739
7/1/2014,5745
5/1/2017,5746
12/1/2016,5747
8/1/2014,5772
5/1/2018,5777
10/1/2015,5778
6/1/2016,5788
4/1/2017,5795
9/1/2015,5796
10/1/2016,5803
9/1/2018,5806
8/1/2014,5807
9/1/2015,5808
11/1/2014,5811
12/1/2018,5811
7/1/2016,5825
2/1/2015,5830
10/1/2015,5837
1/1/2016,5839
9/1/2015,5841
12/1/2014,5847
12/1/2014,5852
7/1/2014,5856
9/1/2018,5858
1/1/2018,5863
2/1/2017,5867
7/1/2014,5869
10/1/2015,5872
3/1/2017,5878
2/1/2016,5890
5/1/2014,5890
11/1/2015,5891
2/1/2014,5906
4/1/2015,5907
12/1/2014,5910
12/1/2014,5911
12/1/2016,5913
4/1/2014,5924
10/1/2014,5925
10/1/2014,5935
5/1/2015,5943
3/1/2015,5945
3/1/2015,5945
8/1/2014,5955
5/1/2014,5963
12/1/2015,5967
4/1/2015,5971
9/1/2015,5974
6/1/2014,5983
10/1/2015,5983
7/1/2016,5988
3/1/2016,5989
6/1/2015,5995
7/1/2014,6001
6/1/2014,6004
9/1/2016,6005
10/1/2015,6006
12/1/2014,6011
1/1/2016,6015
4/1/2016,6017
9/1/2014,6017
10/1/2014,6024
10/1/2015,6029
8/1/2014,6034
6/1/2015,6037
3/1/2016,6038
7/1/2014,6042
11/1/2015,6049
8/1/2016,6053
4/1/2018,6053
7/1/2015,6060
11/1/2016,6064
2/1/2015,6067
10/1/2016,6068
4/1/2015,6068
10/1/2014,6069
7/1/2018,6079
2/1/2014,6082
3/1/2014,6090
11/1/2014,6092
8/1/2015,6093
3/1/2016,6096
7/1/2018,6100
7/1/2016,6102
11/1/2018,6109
7/1/2016,6110
5/1/2015,6110
9/1/2017,6114
6/1/2018,6114
3/1/2016,6116
9/1/2015,6117
6/1/2015,6127
1/1/2015,6132
10/1/2015,6132
12/1/2014,6137
1/1/2015,6141
8/1/2014,6142
9/1/2014,6149
3/1/2016,6155
5/1/2014,6158
8/1/2016,6159
8/1/2014,6159
3/1/2014,6160
4/1/2015,6160
11/1/2015,6160
6/1/2015,6165
2/1/2015,6167
10/1/2018,6172
5/1/2015,6179
5/1/2016,6185
10/1/2016,6206
8/1/2014,6208
6/1/2015,6216
7/1/2017,6230
3/1/2015,6231
7/1/2015,6233
12/1/2014,6234
5/1/2014,6240
6/1/2015,6242
10/1/2015,6258
1/1/2015,6262
7/1/2014,6269
12/1/2015,6287
4/1/2014,6302
7/1/2015,6307
3/1/2016,6308
1/1/2017,6310
12/1/2017,6313
11/1/2015,6313
8/1/2016,6314
6/1/2018,6314
7/1/2015,6314
6/1/2015,6317
4/1/2015,6322
8/1/2015,6323
12/1/2015,6342
2/1/2015,6346
8/1/2015,6347
1/1/2017,6356
3/1/2015,6356
4/1/2014,6356
5/1/2014,6362
11/1/2016,6362
9/1/2014,6365
4/1/2015,6367
6/1/2016,6371
4/1/2014,6382
4/1/2015,6390
5/1/2014,6391
11/1/2014,6394
6/1/2015,6401
5/1/2014,6402
5/1/2015,6408
5/1/2014,6410
7/1/2016,6412
11/1/2014,6413
4/1/2015,6418
6/1/2016,6421
10/1/2014,6422
4/1/2015,6430
8/1/2014,6441
8/1/2015,6443
3/1/2015,6448
6/1/2014,6450
12/1/2017,6453
8/1/2015,6453
5/1/2017,6457
3/1/2017,6459
5/1/2015,6461
3/1/2014,6463
3/1/2015,6465
3/1/2014,6467
5/1/2015,6473
9/1/2015,6476
6/1/2014,6478
6/1/2014,6482
5/1/2016,6487
11/1/2018,6488
7/1/2014,6493
1/1/2016,6503
6/1/2018,6504
8/1/2015,6505
6/1/2014,6507
10/1/2018,6508
11/1/2017,6515
7/1/2015,6517
9/1/2014,6523
5/1/2014,6524
5/1/2014,6525
12/1/2014,6533
12/1/2014,6536
6/1/2016,6544
4/1/2015,6552
11/1/2014,6555
9/1/2015,6556
5/1/2015,6563
11/1/2016,6564
9/1/2014,6577
2/1/2014,6578
10/1/2015,6582
12/1/2014,6585
3/1/2014,6587
12/1/2018,6589
11/1/2015,6590
7/1/2018,6595
3/1/2014,6598
8/1/2016,6616
6/1/2017,6619
6/1/2014,6621
8/1/2014,6639
8/1/2014,6642
7/1/2015,6655
6/1/2015,6657
7/1/2014,6659
8/1/2015,6659
2/1/2018,6662
1/1/2016,6666
6/1/2015,6666
9/1/2014,6668
3/1/2015,6683
7/1/2015,6684
10/1/2018,6685
10/1/2014,6687
11/1/2014,6699
9/1/2016,6703
1/1/2015,6705
12/1/2017,6706
6/1/2016,6711
4/1/2014,6714
6/1/2015,6719
5/1/2014,6720
3/1/2015,6721
2/1/2015,6725
10/1/2015,6729
11/1/2014,6733
5/1/2015,6737
6/1/2015,6738
11/1/2015,6738
7/1/2016,6741
8/1/2017,6741
12/1/2014,6743
5/1/2014,6753
12/1/2015,6754
7/1/2014,6774
8/1/2018,6777
12/1/2018,6778
8/1/2014,6779
12/1/2014,6782
5/1/2015,6792
8/1/2015,6795
4/1/2015,6798
5/1/2015,6806
9/1/2015,6806
3/1/2015,6813
1/1/2016,6815
1/1/2016,6815
9/1/2014,6821
1/1/2015,6822
11/1/2014,6823
4/1/2015,6828
1/1/2016,6828
3/1/2014,6838
12/1/2014,6839
8/1/2014,6841
9/1/2015,6847
7/1/2015,6847
10/1/2014,6855
2/1/2016,6855
9/1/2016,6861
9/1/2016,6863
6/1/2018,6868
2/1/2015,6875
11/1/2015,6876
5/1/2014,6876
3/1/2014,6881
9/1/2014,6883
10/1/2015,6883
6/1/2014,6883
1/1/2019,6885
9/1/2014,6887
6/1/2014,6890
10/1/2017,6891
8/1/2015,6894
3/1/2015,6900
6/1/2014,6901
7/1/2014,6905
12/1/2015,6915
10/1/2015,6921
4/1/2014,6924
8/1/2014,6928
10/1/2015,6931
11/1/2014,6938
2/1/2015,6939
10/1/2014,6940
12/1/2017,6943
3/1/2017,6945
4/1/2015,6952
3/1/2015,6955
10/1/2014,6961
7/1/2015,6965
11/1/2014,6970
8/1/2014,6976
9/1/2014,6976
12/1/2015,6980
3/1/2014,6981
6/1/2014,6994
8/1/2015,6997
10/1/2015,7018
1/1/2015,7020
7/1/2015,7020
3/1/2016,7023
1/1/2015,7027
8/1/2014,7034
11/1/2016,7039
2/1/2015,7043
2/1/2018,7047
12/1/2015,7060
5/1/2014,7067
11/1/2015,7067
3/1/2015,7073
12/1/2014,7080
3/1/2014,7084
6/1/2014,7084
10/1/2014,7085
12/1/2018,7091
10/1/2015,7093
12/1/2015,7095
7/1/2018,7104
11/1/2014,7106
1/1/2015,7106
4/1/2014,7115
6/1/2014,7119
8/1/2015,7125
10/1/2015,7125
9/1/2015,7127
6/1/2016,7130
5/1/2018,7131
11/1/2015,7142
11/1/2018,7148
12/1/2014,7148
4/1/2014,7149
7/1/2014,7154
11/1/2015,7157
2/1/2016,7168
1/1/2015,7170
8/1/2015,7170
7/1/2014,7182
1/1/2015,7184
7/1/2014,7194
2/1/2015,7202
12/1/2014,7204
4/1/2015,7205
10/1/2018,7215
1/1/2015,7216
11/1/2014,7217
3/1/2015,7228
1/1/2018,7242
3/1/2017,7243
11/1/2014,7243
4/1/2016,7244
9/1/2015,7252
2/1/2015,7252
1/1/2015,7257
4/1/2016,7264
1/1/2016,7265
4/1/2016,7266
7/1/2016,7278
11/1/2014,7279
5/1/2014,7286
3/1/2015,7288
6/1/2014,7288
9/1/2014,7292
4/1/2014,7293
2/1/2015,7294
9/1/2014,7300
6/1/2015,7304
1/1/2017,7307
3/1/2014,7311
4/1/2014,7314
4/1/2015,7318
7/1/2015,7327
8/1/2015,7327
5/1/2016,7327
6/1/2015,7330
11/1/2017,7336
5/1/2014,7338
6/1/2014,7339
6/1/2017,7345
10/1/2015,7362
12/1/2014,7367
12/1/2015,7368
2/1/2014,7375
7/1/2016,7380
6/1/2015,7399
5/1/2014,7401
2/1/2015,7408
10/1/2014,7410
4/1/2015,7412
1/1/2015,7413
8/1/2017,7424
7/1/2014,7426
6/1/2014,7429
11/1/2015,7429
7/1/2015,7436
11/1/2014,7440
9/1/2015,7447
5/1/2015,7456
7/1/2016,7456
3/1/2015,7458
11/1/2015,7462
1/1/2015,7466
5/1/2014,7477
11/1/2015,7492
7/1/2014,7509
6/1/2014,7510
1/1/2016,7513
9/1/2014,7513
3/1/2015,7519
11/1/2014,7529
9/1/2014,7541
9/1/2014,7541
9/1/2015,7544
11/1/2014,7557
6/1/2015,7558
5/1/2014,7559
9/1/2017,7562
8/1/2014,7565
4/1/2015,7566
12/1/2014,7571
9/1/2015,7576
4/1/2015,7579
11/1/2014,7584
2/1/2015,7589
2/1/2015,7589
7/1/2015,7591
3/1/2016,7595
11/1/2018,7602
3/1/2015,7610
7/1/2015,7611
1/1/2016,7612
6/1/2014,7618
1/1/2015,7624
4/1/2014,7626
5/1/2014,7626
9/1/2014,7629
3/1/2015,7631
5/1/2015,7647
8/1/2014,7651
6/1/2017,7664
12/1/2014,7668
1/1/2014,7672
6/1/2017,7673
10/1/2015,7675
10/1/2015,7681
2/1/2016,7685
6/1/2015,7694
6/1/2015,7697
3/1/2015,7712
5/1/2015,7713
6/1/2015,7718
12/1/2014,7724
5/1/2017,7726
5/1/2015,7736
5/1/2014,7741
5/1/2017,7744
12/1/2014,7749
11/1/2014,7752
9/1/2014,7757
1/1/2015,7776
6/1/2015,7777
8/1/2014,7778
5/1/2016,7781
2/1/2014,7781
3/1/2015,7783
1/1/2015,7786
10/1/2014,7787
8/1/2014,7787
3/1/2014,7791
1/1/2015,7793
12/1/2014,7794
10/1/2014,7795
2/1/2015,7795
3/1/2015,7800
3/1/2018,7803
12/1/2014,7808
10/1/2014,7808
2/1/2018,7811
6/1/2014,7812
3/1/2016,7820
7/1/2014,7822
1/1/2017,7824
12/1/2014,7826
2/1/2015,7831
7/1/2014,7837
3/1/2014,7841
4/1/2014,7841
6/1/2014,7842
2/1/2015,7842
4/1/2015,7852
2/1/2016,7855
7/1/2014,7858
9/1/2014,7866
12/1/2014,7867
4/1/2018,7872
3/1/2015,7875
10/1/2017,7879
12/1/2014,7884
11/1/2015,7886
9/1/2016,7889
2/1/2014,7889
2/1/2015,7891
4/1/2014,7893
7/1/2015,7894
12/1/2015,7910
2/1/2018,7911
1/1/2015,7931
11/1/2014,7932
8/1/2014,7934
7/1/2015,7935
9/1/2014,7939
10/1/2014,7942
6/1/2014,7947
9/1/2018,7950
3/1/2016,7950
8/1/2015,7957
12/1/2016,7958
7/1/2014,7960
10/1/2015,7962
9/1/2014,7962
10/1/2015,7963
6/1/2014,7971
10/1/2015,7975
4/1/2014,7981
1/1/2015,7987
12/1/2015,7996
1/1/2015,8006
10/1/2014,8007
1/1/2019,8011
11/1/2016,8023
3/1/2015,8027
2/1/2014,8027
4/1/2017,8028
2/1/2015,8044
11/1/2015,8048
11/1/2015,8049
7/1/2015,8065
5/1/2015,8066
11/1/2014,8075
9/1/2014,8076
9/1/2014,8097
5/1/2015,8103
9/1/2014,8106
8/1/2014,8111
12/1/2017,8114
9/1/2015,8125
5/1/2017,8136
3/1/2015,8140
9/1/2015,8142
2/1/2016,8146
9/1/2014,8155
2/1/2016,8160
11/1/2014,8176
10/1/2014,8183
9/1/2015,8184
2/1/2017,8187
11/1/2014,8189
3/1/2015,8192
3/1/2015,8201
2/1/2015,8206
3/1/2015,8212
11/1/2014,8224
8/1/2015,8231
10/1/2014,8240
6/1/2014,8240
7/1/2015,8245
1/1/2016,8248
4/1/2014,8261
4/1/2015,8265
7/1/2015,8268
10/1/2015,8271
10/1/2014,8272
6/1/2015,8280
12/1/2014,8291
10/1/2014,8292
5/1/2015,8293
10/1/2014,8293
5/1/2015,8306
7/1/2015,8310
6/1/2014,8313
8/1/2015,8324
1/1/2015,8325
10/1/2014,8328
2/1/2016,8335
10/1/2016,8337
11/1/2014,8342
10/1/2015,8345
4/1/2015,8345
8/1/2014,8351
5/1/2015,8355
8/1/2015,8363
7/1/2015,8374
2/1/2015,8378
7/1/2014,8388
8/1/2014,8391
6/1/2014,8398
10/1/2014,8399
4/1/2017,8400
5/1/2014,8404
9/1/2014,8413
7/1/2015,8419
10/1/2015,8421
4/1/2015,8422
5/1/2014,8425
12/1/2018,8437
10/1/2014,8437
1/1/2016,8445
4/1/2014,8448
8/1/2014,8451
8/1/2018,8452
3/1/2015,8453
4/1/2015,8457
7/1/2015,8458
9/1/2014,8459
3/1/2015,8461
3/1/2015,8462
10/1/2014,8462
8/1/2015,8465
11/1/2016,8466
3/1/2018,8486
5/1/2014,8500
7/1/2015,8502
7/1/2016,8502
5/1/2015,8505
1/1/2015,8507
2/1/2017,8513
10/1/2014,8514
6/1/2014,8516
12/1/2014,8517
5/1/2015,8518
9/1/2014,8519
8/1/2015,8523
6/1/2014,8526
9/1/2015,8530
2/1/2016,8533
4/1/2015,8557
2/1/2016,8558
9/1/2016,8567
11/1/2015,8569
9/1/2015,8573
12/1/2014,8575
10/1/2014,8597
11/1/2014,8598
11/1/2014,8601
12/1/2015,8603
5/1/2015,8608
7/1/2015,8621
5/1/2014,8632
9/1/2014,8642
8/1/2015,8649
7/1/2015,8654
10/1/2018,8669
4/1/2015,8673
7/1/2015,8675
12/1/2014,8678
2/1/2017,8684
9/1/2015,8692
12/1/2015,8694
9/1/2014,8695
8/1/2015,8703
3/1/2015,8705
8/1/2014,8706
8/1/2014,8712
7/1/2014,8732
9/1/2015,8744
10/1/2014,8755
1/1/2016,8760
8/1/2014,8763
5/1/2015,8767
3/1/2015,8767
9/1/2015,8769
9/1/2015,8770
12/1/2015,8777
11/1/2016,8783
11/1/2015,8788
11/1/2018,8796
7/1/2016,8796
10/1/2014,8804
8/1/2015,8811
1/1/2016,8829
10/1/2015,8832
5/1/2017,8835
10/1/2014,8838
11/1/2015,8840
12/1/2015,8840
6/1/2014,8843
1/1/2016,8848
11/1/2016,8848
5/1/2014,8855
1/1/2016,8855
6/1/2014,8857
11/1/2014,8858
4/1/2014,8858
12/1/2015,8859
11/1/2014,8868
7/1/2015,8871
9/1/2017,8872
1/1/2016,8880
4/1/2015,8880
7/1/2014,8889
12/1/2015,8899
5/1/2014,8905
12/1/2015,8905
11/1/2015,8906
8/1/2015,8917
1/1/2017,8917
3/1/2015,8924
1/1/2015,8943
10/1/2014,8943
4/1/2016,8945
1/1/2015,8947
10/1/2017,8950
7/1/2014,8956
4/1/2015,8958
7/1/2014,8959
8/1/2014,8993
8/1/2015,8995
8/1/2015,9000
7/1/2016,9006
6/1/2014,9006
2/1/2016,9008
5/1/2015,9012
4/1/2014,9015
9/1/2014,9018
8/1/2018,9022
6/1/2014,9028
9/1/2014,9035
4/1/2014,9043
7/1/2018,9043
8/1/2018,9043
10/1/2014,9043
5/1/2014,9056
5/1/2015,9057
3/1/2015,9058
1/1/2015,9062
2/1/2014,9062
5/1/2014,9066
3/1/2014,9071
3/1/2014,9077
2/1/2014,9077
5/1/2014,9078
5/1/2017,9101
4/1/2015,9107
8/1/2015,9117
4/1/2014,9125
12/1/2015,9138
3/1/2015,9139
11/1/2015,9150
4/1/2016,9152
8/1/2015,9152
5/1/2015,9154
9/1/2015,9154
11/1/2014,9155
11/1/2014,9156
11/1/2015,9160
8/1/2015,9161
7/1/2014,9161
2/1/2015,9162
11/1/2018,9174
2/1/2015,9176
6/1/2015,9183
5/1/2016,9187
5/1/2015,9189
10/1/2014,9195
2/1/2016,9197
4/1/2015,9207
5/1/2014,9207
8/1/2014,9207
10/1/2014,9214
11/1/2016,9221
9/1/2014,9224
12/1/2014,9230
11/1/2015,9232
8/1/2015,9255
7/1/2015,9255
8/1/2016,9255
2/1/2015,9258
7/1/2014,9259
3/1/2015,9260
3/1/2018,9264
10/1/2016,9265
10/1/2014,9270
10/1/2014,9273
8/1/2015,9273
3/1/2018,9285
3/1/2015,9289
3/1/2016,9298
8/1/2016,9299
3/1/2015,9303
12/1/2015,9310
3/1/2015,9311
5/1/2014,9312
12/1/2014,9321
3/1/2015,9331
9/1/2018,9333
11/1/2015,9338
1/1/2015,9344
3/1/2015,9355
8/1/2015,9358
11/1/2014,9361
8/1/2015,9371
6/1/2014,9379
10/1/2015,9383
6/1/2015,9384
8/1/2014,9412
6/1/2015,9413
1/1/2019,9435
1/1/2015,9444
6/1/2015,9446
9/1/2014,9463
9/1/2016,9467
1/1/2015,9468
10/1/2014,9469
4/1/2015,9482
11/1/2016,9497
6/1/2014,9498
10/1/2016,9499
6/1/2015,9500
6/1/2014,9500
6/1/2014,9509
9/1/2018,9510
12/1/2014,9513
3/1/2015,9515
5/1/2014,9528
10/1/2014,9563
11/1/2015,9566
3/1/2015,9568
4/1/2015,9575
2/1/2015,9577
8/1/2014,9581
10/1/2015,9582
6/1/2016,9587
10/1/2014,9597
9/1/2015,9597
7/1/2014,9602
8/1/2015,9603
12/1/2014,9606
12/1/2016,9609
12/1/2015,9616
12/1/2018,9618
10/1/2018,9633
10/1/2016,9640
11/1/2014,9644
5/1/2015,9648
10/1/2015,9649
7/1/2015,9649
9/1/2014,9650
1/1/2014,9651
7/1/2016,9652
11/1/2017,9654
2/1/2016,9659
3/1/2015,9661
4/1/2015,9670
3/1/2015,9674
5/1/2016,9675
12/1/2014,9676
5/1/2015,9678
10/1/2014,9685
2/1/2015,9686
6/1/2015,9688
10/1/2014,9688
9/1/2015,9689
3/1/2015,9697
7/1/2014,9697
6/1/2016,9709
12/1/2016,9709
2/1/2016,9715
7/1/2016,9716
9/1/2015,9726
2/1/2015,9729
1/1/2017,9735
5/1/2015,9740
8/1/2015,9741
11/1/2015,9746
5/1/2015,9748
7/1/2014,9750
2/1/2014,9755
3/1/2018,9757
12/1/2015,9761
8/1/2014,9763
2/1/2015,9773
3/1/2017,9773
8/1/2016,9775
4/1/2014,9782
3/1/2016,9784
2/1/2015,9785
5/1/2014,9792
6/1/2016,9797
10/1/2015,9797
4/1/2016,9807
1/1/2015,9818
8/1/2014,9820
1/1/2016,9822
7/1/2018,9825
9/1/2015,9826
6/1/2015,9828
7/1/2015,9837
7/1/2014,9839
5/1/2015,9857
11/1/2015,9858
9/1/2014,9860
12/1/2014,9860
12/1/2014,9867
12/1/2014,9877
11/1/2014,9881
10/1/2014,9886
1/1/2016,9891
7/1/2014,9897
10/1/2015,9908
7/1/2014,9910
11/1/2015,9913
7/1/2014,9922
6/1/2014,9934
11/1/2015,9942
3/1/2014,9950
7/1/2014,9955
11/1/2017,9956
9/1/2016,9964
10/1/2014,9969
2/1/2015,9975
2/1/2017,9979
7/1/2014,9981
11/1/2016,9981
3/1/2016,9996
6/1/2014,10011
7/1/2015,10019
9/1/2015,10024
11/1/2017,10024
2/1/2015,10025
4/1/2018,10026
12/1/2018,10031
4/1/2015,10037
1/1/2015,10045
8/1/2015,10048
7/1/2014,10062
5/1/2015,10067
5/1/2015,10069
7/1/2015,10071
4/1/2014,10075
1/1/2016,10083
2/1/2015,10084
5/1/2015,10090
2/1/2016,10093
7/1/2015,10097
8/1/2014,10102
10/1/2015,10107
9/1/2015,10112
6/1/2014,10112
11/1/2015,10122
11/1/2014,10126
8/1/2015,10132
7/1/2014,10135
2/1/2014,10136
8/1/2016,10146
9/1/2014,10151
5/1/2017,10159
11/1/2014,10160
12/1/2014,10161
6/1/2014,10169
6/1/2015,10169
5/1/2015,10169
9/1/2014,10178
4/1/2015,10191
1/1/2015,10191
2/1/2015,10211
6/1/2018,10213
3/1/2015,10215
1/1/2015,10218
12/1/2016,10220
6/1/2015,10228
1/1/2016,10235
9/1/2014,10243
9/1/2015,10247
7/1/2014,10249
3/1/2015,10252
6/1/2015,10253
1/1/2015,10254
10/1/2016,10255
10/1/2014,10264
4/1/2014,10270
9/1/2015,10279
8/1/2014,10282
9/1/2013,10291
7/1/2015,10293
10/1/2015,10295
7/1/2018,10300
11/1/2014,10301
6/1/2015,10301
8/1/2014,10306
9/1/2015,10310
8/1/2014,10312
4/1/2016,10330
2/1/2015,10340
5/1/2018,10342
4/1/2017,10351
5/1/2015,10352
8/1/2015,10356
1/1/2015,10357
2/1/2017,10361
7/1/2014,10362
5/1/2015,10377
6/1/2015,10386
3/1/2015,10387
4/1/2015,10387
8/1/2014,10391
12/1/2014,10392
4/1/2016,10400
12/1/2014,10401
8/1/2015,10418
7/1/2015,10421
9/1/2015,10426
10/1/2015,10426
8/1/2014,10439
4/1/2015,10446
6/1/2015,10446
5/1/2014,10455
9/1/2014,10462
10/1/2015,10467
5/1/2018,10471
9/1/2015,10471
10/1/2015,10480
12/1/2015,10481
6/1/2016,10493
7/1/2015,10500
7/1/2014,10513
7/1/2014,10521
5/1/2016,10522
7/1/2014,10530
9/1/2014,10530
6/1/2017,10530
6/1/2014,10531
11/1/2015,10534
10/1/2016,10538
7/1/2015,10541
1/1/2015,10542
7/1/2014,10544
3/1/2014,10544
4/1/2015,10545
2/1/2015,10548
1/1/2018,10550
4/1/2016,10551
5/1/2015,10557
11/1/2015,10558
6/1/2015,10560
9/1/2015,10561
12/1/2014,10561
6/1/2014,10566
10/1/2014,10574
11/1/2014,10582
6/1/2015,10591
6/1/2015,10599
3/1/2015,10600
8/1/2014,10609
9/1/2015,10610
6/1/2014,10613
11/1/2014,10614
4/1/2015,10615
5/1/2015,10616
6/1/2015,10625
12/1/2014,10638
9/1/2016,10652
4/1/2015,10653
10/1/2016,10653
2/1/2015,10654
8/1/2014,10657
10/1/2015,10667
6/1/2018,10669
5/1/2014,10678
5/1/2015,10694
9/1/2014,10711
1/1/2018,10714
12/1/2016,10716
12/1/2014,10727
11/1/2015,10729
11/1/2014,10729
1/1/2015,10730
7/1/2014,10734
12/1/2015,10734
6/1/2015,10737
3/1/2014,10740
1/1/2015,10743
7/1/2014,10749
7/1/2014,10754
7/1/2018,10760
11/1/2015,10765
5/1/2014,10773
5/1/2015,10779
5/1/2014,10784
6/1/2014,10787
11/1/2014,10788
11/1/2014,10798
9/1/2014,10798
6/1/2014,10801
1/1/2016,10801
8/1/2014,10802
12/1/2014,10804
9/1/2014,10805
8/1/2014,10806
8/1/2014,10816
1/1/2015,10819
8/1/2015,10822
4/1/2014,10831
11/1/2018,10849
11/1/2015,10875
1/1/2015,10882
9/1/2014,10886
8/1/2015,10895
9/1/2014,10896
10/1/2014,10896
3/1/2016,10900
4/1/2015,10900
8/1/2015,10904
5/1/2014,10919
3/1/2014,10922
5/1/2015,10928
6/1/2014,10928
11/1/2014,10936
9/1/2015,10937
2/1/2016,10939
12/1/2015,10939
7/1/2018,10941
4/1/2015,10943
10/1/2015,10944
8/1/2015,10944
6/1/2014,10947
10/1/2015,10955
12/1/2015,10962
11/1/2016,10973
9/1/2014,10975
11/1/2014,10976
2/1/2014,10994
9/1/2015,10998
1/1/2018,11004
1/1/2015,11009
8/1/2016,11024
11/1/2015,11033
10/1/2015,11039
8/1/2014,11048
5/1/2018,11051
10/1/2015,11051
12/1/2014,11057
11/1/2014,11062
12/1/2016,11065
4/1/2014,11068
4/1/2014,11085
4/1/2014,11100
3/1/2016,11103
10/1/2015,11109
7/1/2015,11112
11/1/2014,11115
5/1/2016,11130
8/1/2015,11142
11/1/2015,11146
9/1/2014,11146
12/1/2014,11154
9/1/2014,11159
6/1/2014,11162
3/1/2015,11171
1/1/2016,11175
8/1/2015,11178
3/1/2015,11179
6/1/2015,11187
10/1/2014,11191
6/1/2015,11198
1/1/2016,11205
8/1/2014,11207
12/1/2014,11224
2/1/2015,11228
7/1/2018,11229
2/1/2015,11241
2/1/2016,11248
1/1/2014,11250
1/1/2015,11252
2/1/2016,11257
10/1/2015,11268
9/1/2016,11276
5/1/2015,11281
3/1/2017,11285
7/1/2014,11302
3/1/2014,11306
7/1/2014,11313
8/1/2015,11315
11/1/2016,11320
7/1/2014,11326
9/1/2014,11327
5/1/2015,11332
4/1/2015,11337
6/1/2015,11339
10/1/2014,11341
5/1/2017,11360
12/1/2014,11361
11/1/2015,11362
10/1/2014,11375
1/1/2016,11375
7/1/2014,11377
10/1/2016,11378
7/1/2014,11384
6/1/2015,11395
6/1/2018,11401
8/1/2014,11404
7/1/2014,11406
3/1/2014,11413
2/1/2018,11432
10/1/2016,11433
8/1/2014,11443
12/1/2015,11443
9/1/2014,11447
9/1/2014,11453
10/1/2014,11455
4/1/2015,11461
5/1/2014,11469
3/1/2015,11473
10/1/2018,11488
4/1/2015,11488
2/1/2017,11520
5/1/2015,11523
8/1/2014,11528
3/1/2017,11531
12/1/2017,11551
5/1/2014,11561
9/1/2014,11561
8/1/2014,11565
4/1/2014,11578
8/1/2014,11588
11/1/2014,11591
8/1/2015,11593
4/1/2014,11594
7/1/2014,11602
3/1/2015,11613
3/1/2016,11630
4/1/2015,11631
2/1/2014,11635
9/1/2014,11636
11/1/2014,11643
7/1/2015,11647
8/1/2014,11651
8/1/2014,11655
4/1/2015,11657
4/1/2018,11658
4/1/2016,11664
5/1/2015,11671
5/1/2015,11682
4/1/2016,11684
6/1/2016,11694
6/1/2015,11696
9/1/2014,11698
5/1/2014,11700
10/1/2014,11701
6/1/2014,11704
2/1/2015,11711
8/1/2015,11716
6/1/2014,11727
6/1/2014,11734
3/1/2017,11743
7/1/2014,11763
3/1/2015,11763
3/1/2014,11770
9/1/2014,11771
9/1/2015,11772
8/1/2014,11773
1/1/2015,11773
1/1/2015,11774
12/1/2017,11776
10/1/2015,11787
6/1/2014,11808
3/1/2014,11817
6/1/2015,11832
4/1/2014,11832
6/1/2017,11835
5/1/2015,11838
4/1/2018,11846
4/1/2014,11855
10/1/2017,11858
10/1/2016,11859
9/1/2015,11862
9/1/2014,11864
6/1/2015,11867
1/1/2015,11877
8/1/2015,11878
1/1/2017,11883
3/1/2015,11884
3/1/2014,11884
8/1/2017,11890
9/1/2018,11906
4/1/2015,11907
7/1/2015,11914
4/1/2015,11918
11/1/2014,11926
11/1/2015,11928
3/1/2015,11934
12/1/2014,11945
3/1/2015,11947
4/1/2014,11949
8/1/2015,11954
12/1/2015,11958
3/1/2017,11963
4/1/2014,11966
3/1/2015,11967
8/1/2015,11967
1/1/2015,11970
7/1/2015,11972
7/1/2014,11973
2/1/2017,11979
8/1/2015,11981
3/1/2014,11989
7/1/2015,12018
10/1/2014,12020
4/1/2016,12020
11/1/2014,12026
10/1/2015,12027
4/1/2015,12036
5/1/2014,12037
12/1/2014,12038
8/1/2014,12046
11/1/2015,12046
4/1/2015,12050
8/1/2015,12051
6/1/2015,12054
4/1/2014,12057
6/1/2016,12059
2/1/2015,12062
1/1/2018,12068
5/1/2014,12070
12/1/2014,12074
3/1/2015,12081
1/1/2015,12087
4/1/2015,12096
1/1/2015,12111
2/1/2015,12113
9/1/2014,12125
9/1/2015,12128
6/1/2016,12133
12/1/2015,12134
4/1/2014,12141
1/1/2015,12143
12/1/2015,12144
8/1/2014,12148
11/1/2014,12153
3/1/2015,12157
10/1/2014,12165
2/1/2014,12176
10/1/2014,12178
9/1/2015,12180
9/1/2015,12184
8/1/2014,12187
3/1/2014,12189
3/1/2016,12196
12/1/2015,12209
12/1/2014,12223
8/1/2015,12224
3/1/2015,12227
1/1/2014,12246
8/1/2014,12248
5/1/2015,12256
12/1/2014,12265
6/1/2018,12278
9/1/2015,12296
12/1/2014,12299
8/1/2017,12302
9/1/2015,12306
10/1/2018,12317
7/1/2017,12320
1/1/2015,12336
1/1/2015,12337
9/1/2015,12340
1/1/2015,12340
4/1/2015,12341
9/1/2015,12362
4/1/2015,12372
10/1/2015,12376
8/1/2014,12393
5/1/2014,12394
10/1/2015,12402
4/1/2015,12420
4/1/2017,12453
6/1/2014,12455
2/1/2015,12459
8/1/2014,12464
10/1/2014,12471
9/1/2014,12480
12/1/2015,12481
5/1/2015,12481
7/1/2015,12498
4/1/2015,12507
5/1/2015,12508
8/1/2015,12514
4/1/2015,12522
10/1/2014,12525
12/1/2014,12543
12/1/2014,12549
10/1/2015,12550
5/1/2014,12552
6/1/2018,12561
10/1/2015,12566
9/1/2014,12592
5/1/2014,12592
12/1/2014,12601
6/1/2014,12608
10/1/2017,12611
10/1/2015,12618
12/1/2014,12618
7/1/2015,12619
4/1/2018,12624
3/1/2015,12629
1/1/2016,12631
9/1/2015,12632
8/1/2014,12635
4/1/2015,12636
5/1/2014,12644
10/1/2014,12647
6/1/2015,12656
5/1/2015,12660
8/1/2018,12661
7/1/2014,12662
11/1/2015,12665
11/1/2015,12667
10/1/2015,12668
3/1/2014,12677
8/1/2014,12680
10/1/2014,12698
11/1/2014,12700
10/1/2014,12728
12/1/2014,12729
12/1/2015,12731
9/1/2014,12737
2/1/2015,12746
3/1/2015,12747
3/1/2014,12748
1/1/2015,12752
12/1/2014,12761
7/1/2014,12763
12/1/2017,12765
8/1/2015,12767
8/1/2014,12772
8/1/2015,12776
10/1/2015,12779
12/1/2014,12780
5/1/2015,12804
5/1/2018,12813
4/1/2014,12815
6/1/2014,12819
5/1/2014,12819
1/1/2015,12826
5/1/2015,12830
10/1/2015,12835
6/1/2015,12838
3/1/2015,12839
10/1/2014,12840
10/1/2015,12842
2/1/2015,12850
10/1/2016,12855
12/1/2014,12858
7/1/2015,12874
8/1/2014,12876
5/1/2014,12890
11/1/2014,12893
4/1/2015,12894
5/1/2015,12905
11/1/2013,12919
9/1/2014,12920
9/1/2015,12925
1/1/2016,12929
9/1/2015,12934
10/1/2014,12940
6/1/2015,12942
1/1/2015,12946
4/1/2017,12954
10/1/2014,12955
3/1/2016,12958
9/1/2014,12963
9/1/2014,12973
10/1/2017,13003
3/1/2017,13011
7/1/2015,13016
9/1/2015,13031
8/1/2016,13040
6/1/2015,13047
6/1/2015,13057
3/1/2015,13070
3/1/2018,13089
3/1/2015,13097
11/1/2015,13104
3/1/2014,13107
9/1/2016,13112
2/1/2014,13121
3/1/2015,13123
8/1/2014,13130
9/1/2014,13155
7/1/2015,13157
3/1/2015,13159
11/1/2014,13171
5/1/2015,13178
9/1/2014,13181
5/1/2015,13187
1/1/2015,13193
12/1/2014,13203
10/1/2014,13228
10/1/2014,13232
1/1/2015,13234
4/1/2015,13244
3/1/2014,13244
4/1/2015,13266
12/1/2015,13267
8/1/2015,13268
7/1/2014,13269
8/1/2015,13270
11/1/2015,13271
7/1/2015,13279
6/1/2015,13283
12/1/2015,13285
4/1/2014,13317
4/1/2014,13320
10/1/2015,13324
6/1/2014,13338
7/1/2014,13354
6/1/2014,13354
1/1/2016,13362
1/1/2015,13364
6/1/2015,13373
4/1/2015,13374
10/1/2015,13381
8/1/2015,13394
6/1/2015,13413
8/1/2014,13416
10/1/2015,13419
3/1/2016,13429
4/1/2018,13430
10/1/2015,13430
6/1/2015,13431
4/1/2015,13445
10/1/2014,13448
12/1/2014,13455
6/1/2014,13456
7/1/2015,13457
11/1/2016,13473
6/1/2017,13486
8/1/2014,13487
5/1/2014,13492
4/1/2016,13506
7/1/2014,13508
9/1/2014,13516
10/1/2015,13518
2/1/2015,13531
7/1/2015,13542
3/1/2015,13561
9/1/2015,13562
10/1/2014,13577
7/1/2014,13592
7/1/2015,13594
1/1/2015,13596
8/1/2015,13602
6/1/2014,13608
3/1/2015,13610
6/1/2014,13612
11/1/2014,13614
12/1/2015,13617
11/1/2014,13620
4/1/2015,13622
11/1/2014,13644
1/1/2015,13650
10/1/2015,13655
5/1/2016,13670
6/1/2015,13675
3/1/2014,13676
5/1/2014,13677
10/1/2014,13684
8/1/2014,13688
12/1/2014,13690
11/1/2014,13691
9/1/2018,13697
5/1/2015,13730
4/1/2017,13730
9/1/2014,13736
6/1/2015,13742
5/1/2015,13747
1/1/2016,13749
11/1/2015,13750
8/1/2014,13758
7/1/2014,13759
4/1/2015,13760
4/1/2015,13763
1/1/2015,13768
12/1/2014,13782
12/1/2014,13796
1/1/2015,13822
2/1/2015,13822
8/1/2014,13826
4/1/2014,13826
12/1/2015,13834
4/1/2015,13839
8/1/2015,13855
4/1/2018,13867
8/1/2015,13890
9/1/2015,13899
3/1/2014,13907
11/1/2015,13934
11/1/2015,13937
8/1/2016,13940
7/1/2014,13940
11/1/2014,13940
2/1/2015,13942
12/1/2014,13945
2/1/2015,13959
2/1/2015,13974
1/1/2015,13980
6/1/2014,13985
10/1/2015,13989
5/1/2014,13994
11/1/2014,13999
4/1/2015,14009
1/1/2015,14016
1/1/2016,14027
10/1/2016,14027
5/1/2017,14039
1/1/2015,14056
9/1/2014,14060
3/1/2015,14065
10/1/2014,14069
1/1/2018,14082
5/1/2016,14089
11/1/2014,14090
9/1/2016,14096
4/1/2015,14106
3/1/2015,14107
1/1/2015,14110
9/1/2016,14115
7/1/2015,14121
5/1/2014,14126
8/1/2015,14138
6/1/2016,14142
3/1/2014,14146
3/1/2015,14159
1/1/2016,14162
5/1/2015,14170
4/1/2014,14179
10/1/2014,14183
11/1/2015,14185
5/1/2015,14185
12/1/2017,14191
5/1/2015,14206
8/1/2015,14209
1/1/2016,14213
4/1/2015,14218
7/1/2015,14225
12/1/2015,14232
10/1/2015,14243
7/1/2015,14258
5/1/2015,14263
5/1/2014,14275
8/1/2018,14276
8/1/2015,14286
5/1/2018,14290
10/1/2014,14312
9/1/2014,14342
4/1/2017,14345
1/1/2015,14349
3/1/2014,14355
4/1/2014,14368
6/1/2015,14374
11/1/2017,14375
9/1/2014,14381
4/1/2014,14382
6/1/2014,14385
10/1/2015,14389
6/1/2015,14403
9/1/2015,14415
7/1/2015,14422
6/1/2016,14429
12/1/2017,14430
6/1/2014,14432
7/1/2014,14438
11/1/2014,14441
6/1/2015,14462
4/1/2014,14463
4/1/2014,14475
9/1/2015,14484
11/1/2014,14489
4/1/2015,14502
11/1/2017,14503
6/1/2015,14507
7/1/2015,14516
3/1/2015,14526
11/1/2015,14540
11/1/2014,14548
11/1/2015,14550
12/1/2014,14556
8/1/2015,14562
10/1/2015,14563
11/1/2014,14571
9/1/2015,14577
1/1/2015,14585
6/1/2015,14587
5/1/2014,14592
10/1/2015,14600
5/1/2014,14603
10/1/2015,14603
7/1/2015,14606
6/1/2015,14624
4/1/2014,14626
10/1/2015,14629
4/1/2015,14632
6/1/2015,14637
3/1/2015,14655
7/1/2015,14672
4/1/2015,14682
8/1/2015,14688
10/1/2015,14699
8/1/2015,14703
1/1/2015,14704
11/1/2015,14704
7/1/2015,14707
12/1/2015,14714
4/1/2015,14720
5/1/2014,14731
2/1/2015,14741
5/1/2015,14764
2/1/2015,14765
6/1/2016,14768
6/1/2014,14770
2/1/2015,14773
6/1/2016,14784
4/1/2015,14803
7/1/2014,14810
5/1/2016,14820
11/1/2014,14841
6/1/2015,14845
3/1/2015,14856
9/1/2015,14875
4/1/2015,14894
3/1/2015,14897
9/1/2014,14903
2/1/2018,14905
5/1/2014,14905
10/1/2014,14909
5/1/2014,14919
10/1/2015,14921
1/1/2016,14930
3/1/2015,14937
5/1/2014,14946
6/1/2015,14949
9/1/2015,14952
6/1/2015,14954
4/1/2014,14960
12/1/2015,14961
1/1/2017,14971
11/1/2014,14975
3/1/2018,14988
8/1/2015,14997
3/1/2015,15007
8/1/2014,15012
9/1/2015,15019
5/1/2015,15031
5/1/2015,15075
6/1/2015,15090
7/1/2014,15093
5/1/2014,15106
11/1/2015,15108
11/1/2015,15120
4/1/2014,15121
11/1/2016,15121
7/1/2015,15146
12/1/2015,15149
3/1/2014,15150
1/1/2015,15176
1/1/2016,15183
6/1/2014,15188
9/1/2017,15204
9/1/2014,15204
11/1/2014,15216
3/1/2015,15223
5/1/2014,15228
7/1/2014,15258
4/1/2015,15264
7/1/2015,15279
1/1/2015,15284
12/1/2016,15287
3/1/2015,15289
4/1/2015,15308
5/1/2014,15325
8/1/2015,15335
1/1/2015,15340
7/1/2014,15348
7/1/2015,15351
8/1/2015,15355
11/1/2014,15366
3/1/2015,15374
2/1/2015,15379
3/1/2017,15382
4/1/2016,15387
6/1/2014,15399
11/1/2016,15425
6/1/2014,15428
1/1/2015,15429
2/1/2015,15443
12/1/2015,15444
5/1/2015,15451
2/1/2015,15456
5/1/2016,15473
4/1/2015,15476
7/1/2015,15476
11/1/2014,15480
4/1/2015,15487
11/1/2014,15505
4/1/2015,15508
3/1/2016,15532
5/1/2015,15537
3/1/2017,15553
2/1/2015,15554
2/1/2015,15561
10/1/2014,15589
7/1/2014,15593
6/1/2015,15593
12/1/2014,15606
10/1/2014,15608
10/1/2014,15611
10/1/2014,15626
1/1/2016,15627
6/1/2014,15627
2/1/2016,15629
4/1/2015,15632
10/1/2015,15636
8/1/2014,15645
9/1/2015,15655
9/1/2015,15661
5/1/2015,15684
8/1/2015,15690
9/1/2015,15698
4/1/2015,15699
1/1/2015,15721
1/1/2015,15722
3/1/2014,15723
8/1/2015,15724
6/1/2015,15752
10/1/2014,15755
6/1/2015,15785
11/1/2014,15787
6/1/2015,15787
4/1/2015,15797
5/1/2014,15819
5/1/2015,15869
9/1/2014,15884
5/1/2015,15908
5/1/2015,15913
8/1/2015,15929
3/1/2015,15939
5/1/2016,15947
2/1/2015,15949
4/1/2014,15969
1/1/2015,16001
1/1/2014,16028
2/1/2016,16046
10/1/2014,16054
10/1/2014,16063
7/1/2015,16068
7/1/2015,16091
10/1/2018,16100
6/1/2015,16108
3/1/2015,16119
8/1/2014,16119
5/1/2015,16121
11/1/2015,16134
1/1/2015,16145
3/1/2015,16155
6/1/2014,16158
11/1/2015,16160
11/1/2015,16165
3/1/2015,16175
5/1/2015,16186
5/1/2014,16188
12/1/2014,16194
8/1/2014,16195
12/1/2015,16197
9/1/2014,16198
3/1/2015,16216
12/1/2015,16230
7/1/2014,16238
11/1/2014,16240
7/1/2015,16243
2/1/2015,16255
7/1/2014,16259
10/1/2017,16295
12/1/2016,16302
11/1/2014,16304
8/1/2014,16311
5/1/2014,16317
9/1/2017,16320
7/1/2015,16323
3/1/2015,16323
4/1/2015,16325
12/1/2014,16342
8/1/2015,16362
1/1/2017,16366
11/1/2015,16370
8/1/2017,16371
9/1/2015,16372
2/1/2015,16393
9/1/2015,16406
2/1/2015,16415
4/1/2015,16443
5/1/2015,16459
10/1/2014,16468
6/1/2015,16468
9/1/2015,16473
6/1/2015,16473
5/1/2017,16477
7/1/2014,16485
3/1/2015,16493
11/1/2015,16501
10/1/2014,16505
7/1/2015,16517
7/1/2014,16528
9/1/2015,16531
3/1/2015,16540
7/1/2015,16542
12/1/2015,16549
12/1/2014,16566
12/1/2017,16581
11/1/2014,16584
6/1/2015,16585
11/1/2014,16587
9/1/2014,16591
11/1/2014,16595
6/1/2015,16595
8/1/2015,16610
12/1/2014,16615
2/1/2015,16623
6/1/2014,16641
8/1/2015,16647
4/1/2016,16664
8/1/2014,16667
1/1/2015,16683
6/1/2014,16686
4/1/2015,16690
2/1/2017,16693
6/1/2015,16704
10/1/2016,16713
11/1/2017,16718
1/1/2015,16718
10/1/2014,16737
12/1/2015,16737
1/1/2015,16739
4/1/2016,16746
3/1/2015,16753
5/1/2014,16773
8/1/2016,16776
11/1/2014,16781
1/1/2016,16787
2/1/2015,16801
5/1/2014,16801
5/1/2017,16802
6/1/2015,16817
10/1/2015,16819
10/1/2014,16820
8/1/2015,16832
7/1/2015,16839
5/1/2015,16844
8/1/2014,16849
4/1/2015,16862
12/1/2014,16862
7/1/2014,16865
2/1/2015,16885
7/1/2014,16891
9/1/2014,16892
2/1/2015,16897
10/1/2014,16897
9/1/2017,16902
3/1/2015,16905
4/1/2015,16907
6/1/2015,16907
1/1/2017,16908
3/1/2015,16909
7/1/2014,16911
7/1/2015,16932
7/1/2015,16949
12/1/2015,16951
3/1/2014,16953
1/1/2016,16958
5/1/2018,16959
3/1/2014,16961
6/1/2015,16965
12/1/2014,16970
11/1/2015,16970
7/1/2014,16977
3/1/2015,16978
11/1/2014,16980
4/1/2015,16990
5/1/2014,16995
8/1/2014,17009
9/1/2015,17010
6/1/2015,17024
3/1/2015,17027
6/1/2015,17027
4/1/2014,17030
8/1/2015,17036
11/1/2015,17039
7/1/2014,17039
3/1/2015,17040
6/1/2015,17068
5/1/2014,17081
4/1/2014,17092
7/1/2015,17128
2/1/2015,17132
5/1/2014,17134
7/1/2015,17137
12/1/2015,17142
4/1/2015,17145
4/1/2015,17157
11/1/2015,17171
1/1/2016,17174
10/1/2016,17200
6/1/2015,17203
11/1/2016,17206
8/1/2015,17216
6/1/2017,17220
3/1/2016,17239
6/1/2014,17251
5/1/2017,17254
11/1/2014,17286
4/1/2015,17287
1/1/2015,17288
7/1/2015,17292
6/1/2014,17333
6/1/2016,17346
6/1/2015,17352
11/1/2015,17365
9/1/2014,17371
7/1/2014,17376
9/1/2014,17382
2/1/2015,17395
10/1/2014,17398
10/1/2014,17413
12/1/2015,17413
1/1/2015,17426
10/1/2014,17426
5/1/2015,17427
8/1/2014,17434
7/1/2015,17437
5/1/2014,17437
5/1/2016,17461
10/1/2014,17473
7/1/2015,17475
8/1/2014,17478
7/1/2015,17485
4/1/2015,17489
11/1/2014,17489
1/1/2015,17489
1/1/2018,17491
5/1/2014,17494
7/1/2016,17495
1/1/2016,17498
5/1/2015,17501
6/1/2015,17512
1/1/2015,17533
9/1/2015,17536
7/1/2016,17538
9/1/2016,17542
4/1/2014,17543
4/1/2015,17543
9/1/2015,17546
5/1/2015,17547
8/1/2015,17548
11/1/2014,17555
7/1/2015,17558
9/1/2015,17559
2/1/2015,17564
12/1/2014,17571
6/1/2014,17578
2/1/2015,17579
10/1/2014,17581
12/1/2014,17585
12/1/2014,17598
11/1/2015,17610
10/1/2017,17622
6/1/2015,17627
9/1/2014,17638
11/1/2015,17648
6/1/2016,17648
12/1/2016,17649
3/1/2015,17652
6/1/2015,17652
9/1/2015,17653
1/1/2015,17670
11/1/2014,17678
2/1/2016,17683
12/1/2014,17684
9/1/2015,17686
10/1/2015,17704
11/1/2014,17709
6/1/2015,17709
11/1/2015,17712
4/1/2015,17720
11/1/2016,17730
5/1/2014,17738
8/1/2015,17744
10/1/2014,17744
7/1/2014,17751
5/1/2015,17761
1/1/2015,17762
6/1/2015,17772
1/1/2015,17777
12/1/2014,17778
11/1/2016,17783
3/1/2015,17784
4/1/2015,17789
5/1/2015,17790
8/1/2015,17802
3/1/2016,17805
7/1/2015,17845
9/1/2014,17846
11/1/2016,17849
4/1/2015,17860
9/1/2015,17864
11/1/2014,17867
12/1/2015,17878
5/1/2015,17894
2/1/2015,17932
10/1/2014,17941
12/1/2015,17944
7/1/2017,17970
10/1/2014,17976
9/1/2015,17998
6/1/2015,18000
1/1/2015,18015
3/1/2015,18023
10/1/2014,18041
10/1/2015,18062
6/1/2014,18064
9/1/2014,18069
6/1/2015,18075
9/1/2015,18095
1/1/2015,18097
10/1/2015,18110
5/1/2014,18111
5/1/2015,18117
2/1/2015,18118
9/1/2015,18121
10/1/2015,18127
4/1/2015,18128
2/1/2015,18130
11/1/2014,18132
12/1/2014,18137
4/1/2017,18137
12/1/2014,18144
12/1/2014,18153
12/1/2014,18167
2/1/2014,18175
3/1/2016,18178
5/1/2014,18186
7/1/2015,18188
9/1/2015,18227
8/1/2015,18250
7/1/2015,18251
5/1/2015,18252
2/1/2017,18255
2/1/2015,18259
3/1/2014,18265
3/1/2015,18284
2/1/2016,18301
8/1/2015,18304
5/1/2015,18306
5/1/2014,18311
2/1/2016,18323
3/1/2015,18333
6/1/2015,18340
3/1/2014,18348
7/1/2015,18365
5/1/2015,18371
5/1/2014,18386
3/1/2016,18387
10/1/2015,18388
10/1/2015,18393
4/1/2014,18397
8/1/2014,18411
1/1/2016,18415
5/1/2016,18418
4/1/2015,18423
10/1/2014,18425
4/1/2015,18432
8/1/2014,18436
10/1/2015,18441
8/1/2015,18441
10/1/2015,18445
11/1/2014,18462
6/1/2014,18483
2/1/2017,18509
10/1/2015,18518
4/1/2014,18531
4/1/2016,18535
1/1/2015,18537
11/1/2015,18569
9/1/2015,18593
6/1/2014,18603
5/1/2014,18607
1/1/2016,18619
1/1/2016,18626
7/1/2015,18631
1/1/2015,18633
6/1/2015,18638
8/1/2016,18647
7/1/2015,18649
2/1/2017,18652
11/1/2015,18656
4/1/2015,18657
11/1/2015,18657
7/1/2015,18677
6/1/2014,18684
7/1/2016,18686
8/1/2015,18688
5/1/2015,18689
5/1/2015,18714
4/1/2014,18715
1/1/2015,18727
1/1/2016,18737
6/1/2015,18749
3/1/2015,18752
11/1/2015,18757
11/1/2015,18772
5/1/2014,18772
11/1/2014,18775
4/1/2015,18783
4/1/2014,18784
11/1/2014,18799
6/1/2014,18807
6/1/2015,18815
9/1/2015,18823
5/1/2014,18829
8/1/2015,18845
6/1/2014,18845
8/1/2014,18868
12/1/2014,18875
8/1/2015,18877
5/1/2015,18882
2/1/2015,18891
12/1/2014,18928
9/1/2015,18936
8/1/2016,18955
4/1/2015,18966
7/1/2015,18972
2/1/2015,19004
12/1/2015,19065
12/1/2014,19070
12/1/2015,19073
9/1/2015,19083
8/1/2015,19084
10/1/2015,19091
3/1/2015,19096
8/1/2015,19114
5/1/2015,19118
1/1/2015,19146
6/1/2017,19148
1/1/2018,19181
1/1/2018,19191
5/1/2015,19200
11/1/2014,19210
10/1/2015,19211
10/1/2015,19212
4/1/2015,19232
2/1/2015,19268
3/1/2015,19271
12/1/2015,19293
7/1/2015,19336
1/1/2015,19336
11/1/2014,19344
7/1/2015,19349
10/1/2014,19390
10/1/2015,19400
12/1/2014,19400
7/1/2015,19401
2/1/2015,19437
3/1/2016,19439
9/1/2015,19440
7/1/2014,19470
2/1/2015,19472
6/1/2015,19474
5/1/2015,19476
7/1/2014,19509
4/1/2014,19512
11/1/2014,19512
12/1/2015,19520
4/1/2015,19527
9/1/2015,19547
5/1/2015,19549
11/1/2018,19556
6/1/2014,19557
7/1/2015,19561
7/1/2014,19563
4/1/2015,19569
4/1/2014,19589
5/1/2014,19590
9/1/2015,19597
9/1/2015,19605
10/1/2014,19613
12/1/2014,19623
11/1/2015,19651
10/1/2015,19667
6/1/2014,19681
6/1/2015,19699
8/1/2015,19708
7/1/2015,19718
1/1/2016,19728
7/1/2014,19761
9/1/2015,19761
4/1/2015,19769
3/1/2014,19781
8/1/2015,19782
3/1/2014,19791
8/1/2015,19797
8/1/2016,19831
9/1/2014,19834
5/1/2014,19840
11/1/2015,19843
10/1/2015,19855
3/1/2017,19866
3/1/2014,19871
3/1/2015,19879
8/1/2017,19880
10/1/2014,19882
12/1/2014,19901
10/1/2015,19903
8/1/2014,19904
2/1/2015,19910
7/1/2015,19921
9/1/2014,19921
10/1/2015,19928
1/1/2016,19941
2/1/2015,19948
12/1/2014,19967
12/1/2015,19981
8/1/2014,19990
11/1/2015,19994
7/1/2014,20008
4/1/2015,20009
5/1/2015,20010
12/1/2014,20011
9/1/2015,20036
2/1/2015,20067
4/1/2015,20070
10/1/2016,20082
9/1/2015,20088
10/1/2015,20092
12/1/2016,20115
8/1/2014,20122
10/1/2014,20137
4/1/2015,20144
10/1/2015,20171
12/1/2016,20179
8/1/2015,20194
7/1/2014,20205
1/1/2016,20214
10/1/2014,20218
5/1/2015,20232
11/1/2014,20238
9/1/2016,20244
6/1/2014,20245
11/1/2014,20252
4/1/2014,20269
10/1/2014,20270
11/1/2014,20294
12/1/2014,20301
8/1/2014,20306
5/1/2017,20343
4/1/2015,20355
10/1/2014,20369
6/1/2015,20378
2/1/2015,20390
9/1/2016,20391
3/1/2014,20395
8/1/2015,20400
4/1/2014,20405
5/1/2014,20418
7/1/2016,20461
5/1/2016,20461
12/1/2014,20510
12/1/2014,20527
5/1/2014,20534
8/1/2014,20549
7/1/2015,20550
4/1/2015,20551
7/1/2014,20553
8/1/2015,20556
12/1/2015,20562
7/1/2015,20565
11/1/2014,20590
9/1/2014,20596
11/1/2015,20597
8/1/2015,20598
9/1/2015,20621
11/1/2014,20640
6/1/2016,20660
7/1/2015,20680
8/1/2014,20686
4/1/2014,20696
4/1/2014,20702
10/1/2014,20711
6/1/2015,20714
8/1/2014,20724
2/1/2016,20728
9/1/2015,20736
7/1/2014,20758
10/1/2014,20758
7/1/2014,20762
3/1/2016,20770
7/1/2015,20806
3/1/2014,20817
5/1/2014,20825
5/1/2016,20830
12/1/2015,20864
12/1/2016,20865
5/1/2015,20877
5/1/2015,20895
8/1/2015,20902
7/1/2015,20906
9/1/2014,20909
4/1/2016,20922
9/1/2014,20929
7/1/2014,20956
1/1/2015,20956
8/1/2015,20960
8/1/2014,20962
7/1/2015,20966
9/1/2015,20975
11/1/2014,20976
7/1/2014,20980
9/1/2015,20988
12/1/2014,20993
9/1/2016,21001
7/1/2017,21018
12/1/2014,21020
10/1/2015,21021
10/1/2015,21031
8/1/2014,21032
3/1/2015,21040
3/1/2015,21050
10/1/2014,21052
8/1/2015,21068
9/1/2014,21103
1/1/2015,21146
6/1/2015,21153
7/1/2015,21163
10/1/2014,21185
4/1/2014,21207
12/1/2015,21219
9/1/2015,21231
7/1/2014,21244
8/1/2015,21250
4/1/2016,21256
6/1/2014,21269
12/1/2014,21302
11/1/2015,21323
8/1/2015,21326
11/1/2015,21336
6/1/2017,21337
1/1/2017,21352
1/1/2015,21352
10/1/2015,21368
9/1/2014,21378
8/1/2017,21400
3/1/2015,21408
11/1/2014,21409
6/1/2015,21410
5/1/2014,21422
7/1/2014,21429
10/1/2015,21441
11/1/2014,21450
2/1/2016,21463
9/1/2014,21469
5/1/2014,21474
1/1/2016,21489
5/1/2015,21491
12/1/2014,21507
8/1/2015,21526
8/1/2017,21534
9/1/2015,21538
9/1/2015,21539
9/1/2015,21564
6/1/2015,21570
11/1/2015,21573
6/1/2015,21576
10/1/2015,21610
10/1/2017,21618
12/1/2014,21619
7/1/2014,21630
6/1/2015,21659
2/1/2016,21686
3/1/2015,21692
7/1/2016,21717
10/1/2015,21721
6/1/2017,21783
2/1/2015,21793
4/1/2016,21821
9/1/2015,21849
9/1/2015,21867
10/1/2015,21869
5/1/2015,21875
8/1/2015,21905
3/1/2015,21924
6/1/2015,21954
10/1/2014,21979
8/1/2015,21981
6/1/2015,21983
8/1/2015,22011
6/1/2017,22016
9/1/2014,22024
1/1/2015,22031
6/1/2015,22044
3/1/2015,22048
8/1/2015,22056
10/1/2014,22058
8/1/2015,22075
5/1/2016,22086
11/1/2014,22095
11/1/2015,22103
3/1/2015,22105
7/1/2017,22139
7/1/2014,22173
11/1/2015,22177
7/1/2015,22197
9/1/2015,22198
1/1/2015,22205
5/1/2014,22205
6/1/2014,22205
10/1/2016,22213
6/1/2014,22219
12/1/2015,22233
4/1/2014,22241
1/1/2016,22254
6/1/2014,22258
8/1/2015,22259
8/1/2014,22266
7/1/2016,22327
7/1/2015,22329
5/1/2015,22345
12/1/2014,22352
6/1/2015,22370
9/1/2014,22375
4/1/2015,22375
3/1/2015,22377
10/1/2014,22411
11/1/2014,22416
2/1/2015,22434
1/1/2015,22453
2/1/2015,22457
8/1/2014,22468
4/1/2014,22474
2/1/2016,22487
7/1/2015,22494
3/1/2015,22497
4/1/2015,22505
5/1/2015,22506
3/1/2015,22510
7/1/2015,22527
10/1/2015,22554
10/1/2014,22567
11/1/2016,22572
9/1/2014,22576
7/1/2014,22596
10/1/2014,22618
5/1/2015,22666
9/1/2015,22667
1/1/2015,22674
7/1/2016,22674
7/1/2015,22687
11/1/2015,22689
7/1/2014,22689
11/1/2014,22695
11/1/2014,22744
9/1/2014,22817
12/1/2014,22829
10/1/2014,22867
6/1/2014,22867
2/1/2018,22872
9/1/2014,22880
6/1/2014,22892
12/1/2018,22921
9/1/2014,22945
10/1/2016,22946
4/1/2015,22998
8/1/2015,23009
11/1/2014,23033
1/1/2016,23041
12/1/2016,23047
2/1/2016,23052
7/1/2015,23058
12/1/2016,23064
5/1/2015,23068
8/1/2014,23075
12/1/2015,23076
3/1/2016,23084
5/1/2015,23085
5/1/2014,23096
12/1/2015,23099
3/1/2016,23103
11/1/2015,23103
12/1/2014,23123
7/1/2015,23144
4/1/2014,23149
5/1/2016,23162
6/1/2015,23195
5/1/2015,23204
12/1/2014,23205
12/1/2015,23237
12/1/2014,23287
2/1/2015,23326
7/1/2015,23374
11/1/2015,23391
9/1/2015,23399
10/1/2015,23400
4/1/2015,23403
10/1/2015,23460
6/1/2014,23469
11/1/2015,23472
2/1/2015,23476
5/1/2014,23490
11/1/2015,23500
2/1/2015,23503
4/1/2015,23511
1/1/2016,23519
5/1/2014,23521
6/1/2014,23521
12/1/2014,23538
6/1/2015,23539
9/1/2016,23547
7/1/2014,23550
7/1/2015,23553
2/1/2018,23562
1/1/2016,23569
5/1/2014,23573
5/1/2015,23589
6/1/2014,23596
3/1/2015,23610
9/1/2015,23611
8/1/2014,23616
7/1/2014,23631
8/1/2016,23644
4/1/2014,23671
7/1/2015,23703
11/1/2014,23728
11/1/2014,23771
7/1/2015,23784
6/1/2014,23791
6/1/2014,23814
10/1/2015,23840
8/1/2015,23896
8/1/2014,23905
4/1/2014,23921
10/1/2015,23923
2/1/2015,23929
11/1/2016,23930
3/1/2018,23936
11/1/2015,23936
3/1/2016,23960
7/1/2015,23967
12/1/2014,23975
10/1/2015,23977
3/1/2015,23991
12/1/2014,24021
4/1/2014,24022
5/1/2015,24026
12/1/2015,24085
11/1/2014,24086
5/1/2016,24097
7/1/2014,24103
6/1/2014,24117
3/1/2015,24117
10/1/2015,24121
9/1/2015,24133
10/1/2014,24138
6/1/2014,24140
3/1/2015,24141
1/1/2016,24156
6/1/2014,24167
7/1/2014,24194
12/1/2015,24195
8/1/2015,24201
12/1/2015,24211
3/1/2014,24214
6/1/2016,24220
7/1/2014,24249
7/1/2015,24261
7/1/2015,24273
3/1/2015,24275
3/1/2015,24334
4/1/2016,24356
6/1/2016,24361
5/1/2015,24371
2/1/2014,24376
5/1/2017,24383
6/1/2014,24398
12/1/2015,24399
4/1/2015,24400
4/1/2015,24401
3/1/2016,24418
5/1/2014,24420
12/1/2015,24422
7/1/2015,24431
5/1/2015,24440
8/1/2015,24446
6/1/2015,24452
5/1/2014,24472
4/1/2018,24484
4/1/2017,24486
2/1/2017,24500
4/1/2014,24516
2/1/2015,24527
10/1/2015,24533
5/1/2014,24534
12/1/2014,24537
10/1/2014,24544
1/1/2016,24544
11/1/2015,24554
6/1/2014,24597
12/1/2014,24601
9/1/2014,24602
8/1/2015,24603
3/1/2014,24628
4/1/2017,24640
6/1/2015,24666
10/1/2015,24688
2/1/2015,24698
7/1/2015,24713
12/1/2014,24740
5/1/2014,24742
6/1/2015,24742
1/1/2016,24762
10/1/2015,24772
6/1/2014,24798
9/1/2014,24832
6/1/2014,24860
7/1/2015,24867
3/1/2014,24878
6/1/2014,24889
5/1/2014,24895
7/1/2015,24896
9/1/2014,24901
8/1/2015,24921
9/1/2014,24943
3/1/2015,24981
5/1/2015,25029
6/1/2015,25062
6/1/2014,25106
5/1/2015,25121
10/1/2015,25159
3/1/2015,25165
9/1/2015,25204
8/1/2014,25219
11/1/2014,25237
11/1/2015,25242
11/1/2014,25250
2/1/2015,25303
10/1/2015,25306
6/1/2015,25311
12/1/2015,25315
1/1/2016,25322
12/1/2015,25325
1/1/2017,25353
12/1/2015,25377
2/1/2015,25417
5/1/2015,25436
7/1/2015,25492
11/1/2014,25508
3/1/2014,25510
2/1/2015,25517
7/1/2015,25557
9/1/2015,25566
3/1/2014,25568
7/1/2015,25578
5/1/2015,25588
9/1/2014,25606
8/1/2014,25633
9/1/2014,25661
4/1/2015,25664
3/1/2015,25725
9/1/2015,25734
3/1/2014,25746
9/1/2014,25750
4/1/2015,25774
12/1/2014,25775
7/1/2015,25777
3/1/2015,25794
2/1/2016,25814
3/1/2015,25869
10/1/2015,25888
5/1/2014,25891
7/1/2014,25901
8/1/2014,25913
7/1/2016,25933
3/1/2017,25941
5/1/2014,25959
8/1/2015,25973
7/1/2014,25985
12/1/2014,25985
9/1/2014,26008
10/1/2015,26049
11/1/2015,26111
2/1/2015,26116
12/1/2015,26142
3/1/2015,26157
5/1/2015,26195
4/1/2016,26209
9/1/2014,26210
6/1/2015,26227
8/1/2015,26232
7/1/2015,26234
10/1/2014,26251
10/1/2015,26254
11/1/2014,26263
2/1/2016,26272
11/1/2015,26291
11/1/2015,26299
10/1/2015,26336
5/1/2015,26349
12/1/2014,26351
6/1/2014,26378
3/1/2015,26383
10/1/2015,26385
4/1/2015,26392
12/1/2014,26421
8/1/2014,26429
3/1/2015,26436
2/1/2014,26440
7/1/2014,26450
7/1/2014,26491
11/1/2015,26519
4/1/2015,26520
1/1/2015,26521
5/1/2017,26571
11/1/2014,26593
7/1/2014,26593
11/1/2015,26602
7/1/2014,26633
1/1/2015,26637
5/1/2016,26714
7/1/2015,26720
6/1/2015,26745
7/1/2015,26753
8/1/2015,26760
2/1/2015,26764
9/1/2014,26766
12/1/2015,26769
5/1/2014,26775
1/1/2015,26783
11/1/2015,26798
1/1/2015,26814
8/1/2015,26814
6/1/2015,26848
10/1/2014,26872
5/1/2015,26875
4/1/2015,26888
6/1/2015,26905
10/1/2014,26922
6/1/2015,26970
5/1/2015,26980
8/1/2015,26982
8/1/2016,26989
9/1/2015,26992
10/1/2014,27004
9/1/2017,27023
8/1/2015,27029
3/1/2015,27036
1/1/2015,27049
12/1/2015,27054
3/1/2015,27096
7/1/2014,27138
9/1/2015,27165
3/1/2014,27169
5/1/2014,27170
2/1/2014,27191
4/1/2016,27198
11/1/2015,27214
7/1/2015,27222
2/1/2015,27231
4/1/2015,27232
10/1/2014,27238
3/1/2015,27264
7/1/2015,27282
1/1/2015,27295
12/1/2014,27309
2/1/2015,27315
4/1/2016,27320
9/1/2015,27326
7/1/2014,27334
8/1/2014,27341
6/1/2014,27386
12/1/2015,27428
11/1/2015,27434
9/1/2015,27445
1/1/2015,27451
8/1/2014,27462
12/1/2015,27465
12/1/2014,27475
1/1/2016,27485
10/1/2015,27495
1/1/2014,27499
11/1/2015,27503
7/1/2014,27505
1/1/2015,27534
12/1/2015,27534
8/1/2017,27556
1/1/2017,27571
5/1/2015,27588
8/1/2015,27599
5/1/2014,27600
9/1/2014,27617
7/1/2015,27626
6/1/2014,27642
5/1/2015,27648
7/1/2015,27672
10/1/2014,27684
8/1/2014,27695
9/1/2014,27698
4/1/2015,27702
8/1/2015,27725
5/1/2015,27732
3/1/2017,27750
10/1/2016,27765
8/1/2015,27783
10/1/2015,27786
3/1/2018,27795
7/1/2014,27824
12/1/2014,27838
5/1/2015,27867
4/1/2014,27880
7/1/2015,27892
10/1/2014,27905
7/1/2014,27953
4/1/2014,27964
5/1/2016,27970
3/1/2015,27984
8/1/2014,28004
3/1/2014,28131
8/1/2015,28138
12/1/2014,28139
5/1/2015,28149
12/1/2015,28150
3/1/2014,28151
8/1/2015,28171
7/1/2017,28195
5/1/2014,28197
10/1/2016,28213
6/1/2015,28214
5/1/2015,28234
4/1/2014,28271
3/1/2015,28288
12/1/2015,28306
7/1/2015,28349
1/1/2015,28371
4/1/2014,28384
9/1/2015,28411
6/1/2014,28440
6/1/2014,28460
11/1/2014,28467
5/1/2016,28488
2/1/2015,28505
11/1/2015,28510
12/1/2014,28531
3/1/2016,28552
5/1/2014,28556
8/1/2014,28579
10/1/2015,28581
1/1/2015,28596
5/1/2015,28600
2/1/2016,28602
11/1/2016,28604
11/1/2015,28613
10/1/2014,28671
7/1/2015,28721
1/1/2015,28730
4/1/2015,28802
10/1/2015,28810
9/1/2015,28834
11/1/2014,28853
10/1/2014,28862
3/1/2014,28887
7/1/2015,28916
6/1/2015,28937
6/1/2015,28980
11/1/2014,29002
4/1/2015,29013
6/1/2015,29023
8/1/2016,29030
8/1/2014,29049
8/1/2014,29057
1/1/2015,29057
1/1/2015,29076
10/1/2014,29099
5/1/2015,29116
11/1/2014,29116
9/1/2015,29116
11/1/2014,29120
5/1/2015,29133
3/1/2015,29183
5/1/2014,29225
7/1/2015,29233
1/1/2015,29272
2/1/2015,29286
4/1/2014,29327
6/1/2014,29329
10/1/2015,29365
4/1/2015,29382
12/1/2014,29391
10/1/2015,29399
5/1/2014,29410
5/1/2015,29432
12/1/2014,29445
7/1/2014,29465
6/1/2014,29471
5/1/2015,29472
5/1/2015,29474
4/1/2015,29484
3/1/2014,29488
12/1/2015,29491
4/1/2017,29517
9/1/2014,29533
4/1/2015,29546
10/1/2015,29593
10/1/2014,29602
10/1/2015,29710
7/1/2016,29724
7/1/2015,29724
1/1/2015,29725
5/1/2014,29766
5/1/2015,29786
2/1/2014,29819
12/1/2015,29822
8/1/2014,29871
8/1/2015,29921
9/1/2015,29922
11/1/2016,29924
8/1/2015,29924
9/1/2014,29927
12/1/2014,29960
9/1/2014,29968
9/1/2014,29995
5/1/2015,29997
11/1/2015,30007
4/1/2015,30014
7/1/2016,30029
7/1/2014,30058
8/1/2015,30066
12/1/2015,30080
2/1/2016,30100
5/1/2014,30142
12/1/2015,30154
9/1/2015,30231
12/1/2015,30281
5/1/2015,30283
2/1/2015,30344
10/1/2015,30358
7/1/2015,30400
5/1/2015,30430
6/1/2015,30465
5/1/2014,30493
6/1/2015,30513
7/1/2014,30563
8/1/2015,30579
12/1/2015,30622
9/1/2015,30649
5/1/2015,30662
9/1/2015,30715
7/1/2014,30744
4/1/2014,30757
7/1/2015,30779
7/1/2015,30819
6/1/2015,30837
10/1/2015,30859
11/1/2016,30905
5/1/2015,30975
11/1/2015,30978
1/1/2015,31005
6/1/2018,31078
11/1/2015,31088
10/1/2015,31114
10/1/2014,31123
8/1/2015,31125
8/1/2015,31129
12/1/2015,31136
9/1/2014,31151
5/1/2015,31175
11/1/2016,31182
10/1/2014,31194
8/1/2015,31269
10/1/2014,31270
9/1/2016,31289
9/1/2014,31301
1/1/2016,31313
5/1/2015,31320
9/1/2016,31369
7/1/2015,31375
3/1/2016,31383
10/1/2015,31432
4/1/2015,31468
12/1/2015,31481
4/1/2015,31521
8/1/2014,31523
1/1/2015,31551
9/1/2015,31613
9/1/2014,31644
6/1/2015,31726
9/1/2015,31731
10/1/2015,31795
8/1/2015,31797
10/1/2014,31854
7/1/2015,31879
8/1/2015,31897
9/1/2014,31905
7/1/2014,31907
6/1/2015,31907
1/1/2015,31913
11/1/2014,31925
9/1/2014,31929
6/1/2015,31966
11/1/2014,32003
8/1/2015,32035
9/1/2014,32039
8/1/2015,32080
8/1/2016,32119
6/1/2014,32120
11/1/2015,32151
7/1/2018,32167
5/1/2014,32172
10/1/2014,32175
4/1/2017,32188
4/1/2015,32198
1/1/2015,32199
11/1/2015,32207
3/1/2014,32209
8/1/2014,32214
10/1/2016,32222
8/1/2014,32250
8/1/2015,32296
3/1/2015,32345
6/1/2015,32355
10/1/2014,32374
8/1/2015,32400
1/1/2014,32414
11/1/2014,32414
3/1/2016,32449
5/1/2015,32449
9/1/2016,32491
5/1/2015,32497
9/1/2018,32550
3/1/2015,32576
2/1/2017,32588
3/1/2015,32628
9/1/2015,32661
2/1/2014,32665
11/1/2015,32703
10/1/2015,32704
5/1/2014,32755
9/1/2015,32759
10/1/2015,32765
9/1/2014,32768
10/1/2014,32818
9/1/2015,32828
5/1/2016,32872
10/1/2014,32912
6/1/2014,32916
7/1/2015,32927
9/1/2014,32965
6/1/2015,32966
10/1/2015,32996
5/1/2014,33055
11/1/2015,33058
4/1/2014,33106
8/1/2014,33155
6/1/2017,33170
4/1/2015,33192
10/1/2014,33230
6/1/2014,33234
1/1/2016,33239
3/1/2015,33258
9/1/2015,33281
7/1/2014,33296
7/1/2014,33353
12/1/2015,33421
9/1/2015,33450
6/1/2014,33469
7/1/2014,33497
9/1/2014,33599
11/1/2014,33612
1/1/2015,33620
7/1/2015,33639
5/1/2015,33655
1/1/2016,33659
1/1/2015,33685
10/1/2014,33686
2/1/2015,33687
3/1/2014,33743
12/1/2015,33757
10/1/2015,33765
8/1/2014,33769
7/1/2015,33775
8/1/2015,33797
11/1/2015,33804
5/1/2015,33804
9/1/2014,33827
10/1/2014,33849
9/1/2015,33878
10/1/2015,33909
9/1/2015,33972
5/1/2015,34001
12/1/2015,34005
9/1/2015,34005
6/1/2014,34032
12/1/2015,34051
5/1/2015,34082
2/1/2016,34092
1/1/2015,34115
12/1/2014,34122
4/1/2014,34127
10/1/2015,34187
1/1/2014,34190
1/1/2015,34199
6/1/2015,34207
3/1/2014,34218
4/1/2017,34239
7/1/2015,34248
11/1/2014,34284
1/1/2016,34307
11/1/2015,34308
11/1/2015,34391
10/1/2015,34395
2/1/2015,34412
7/1/2014,34414
11/1/2015,34421
8/1/2014,34427
3/1/2018,34431
1/1/2015,34444
10/1/2015,34459
9/1/2014,34468
9/1/2015,34477
11/1/2014,34497
5/1/2017,34499
3/1/2014,34507
9/1/2015,34652
8/1/2015,34654
11/1/2015,34729
8/1/2015,34743
3/1/2015,34783
11/1/2014,34810
11/1/2014,34812
6/1/2014,34815
11/1/2015,34889
9/1/2016,34893
6/1/2015,34898
11/1/2015,34908
5/1/2015,34921
3/1/2015,34922
3/1/2014,34999
8/1/2015,35022
5/1/2015,35027
1/1/2016,35031
5/1/2014,35057
1/1/2016,35065
1/1/2015,35085
1/1/2015,35104
10/1/2015,35114
8/1/2014,35182
12/1/2015,35227
7/1/2015,35242
2/1/2016,35272
2/1/2015,35308
1/1/2016,35366
4/1/2014,35373
10/1/2016,35510
6/1/2015,35571
4/1/2014,35575
3/1/2015,35694
6/1/2015,35718
5/1/2015,35769
10/1/2015,35828
4/1/2015,35844
8/1/2017,35890
3/1/2015,35899
12/1/2014,35937
11/1/2015,35958
9/1/2014,35970
10/1/2015,36107
12/1/2015,36139
1/1/2015,36159
12/1/2015,36203
12/1/2014,36223
8/1/2015,36233
10/1/2014,36250
10/1/2014,36263
5/1/2015,36275
9/1/2015,36332
12/1/2014,36371
7/1/2015,36372
4/1/2015,36396
12/1/2015,36404
10/1/2015,36406
8/1/2016,36442
10/1/2014,36452
11/1/2015,36458
12/1/2015,36464
3/1/2015,36522
7/1/2015,36556
6/1/2015,36593
5/1/2014,36632
6/1/2014,36641
10/1/2015,36661
2/1/2015,36697
8/1/2015,36714
12/1/2015,36776
7/1/2015,36875
10/1/2014,36935
6/1/2015,37060
9/1/2014,37076
9/1/2015,37091
9/1/2015,37115
5/1/2015,37247
9/1/2015,37284
5/1/2015,37318
11/1/2015,37367
3/1/2014,37383
1/1/2015,37443
6/1/2014,37452
1/1/2015,37475
12/1/2014,37501
12/1/2014,37543
1/1/2014,37550
2/1/2015,37587
2/1/2016,37627
2/1/2016,37674
5/1/2014,37747
3/1/2015,37759
9/1/2015,37835
6/1/2016,37847
1/1/2015,37893
9/1/2017,37904
1/1/2016,37906
4/1/2014,37926
7/1/2014,37972
5/1/2015,38007
7/1/2014,38011
8/1/2015,38025
4/1/2018,38032
12/1/2015,38077
6/1/2014,38079
9/1/2015,38092
9/1/2016,38127
4/1/2014,38152
7/1/2015,38159
10/1/2016,38237
3/1/2017,38252
10/1/2017,38259
9/1/2014,38289
1/1/2016,38290
9/1/2014,38343
10/1/2015,38376
5/1/2016,38459
8/1/2015,38460
7/1/2015,38466
11/1/2014,38469
5/1/2014,38520
8/1/2015,38531
5/1/2018,38569
8/1/2015,38633
7/1/2017,38673
3/1/2014,38693
2/1/2015,38792
6/1/2015,38890
10/1/2015,38897
12/1/2014,38911
8/1/2015,38939
10/1/2015,38983
2/1/2015,38995
7/1/2015,39000
5/1/2015,39029
12/1/2015,39043
4/1/2016,39103
12/1/2017,39125
2/1/2015,39168
6/1/2014,39171
3/1/2016,39173
5/1/2015,39204
6/1/2014,39208
11/1/2017,39361
2/1/2015,39405
12/1/2014,39462
10/1/2015,39471
6/1/2016,39628
6/1/2015,39668
8/1/2014,39682
11/1/2015,39686
5/1/2014,39702
7/1/2015,39711
10/1/2014,39748
7/1/2015,39757
8/1/2015,39792
7/1/2014,39847
2/1/2014,39943
4/1/2014,40016
5/1/2015,40026
2/1/2016,40058
7/1/2014,40084
1/1/2015,40201
10/1/2014,40201
7/1/2016,40306
5/1/2015,40362
3/1/2015,40454
9/1/2015,40481
3/1/2015,40488
8/1/2015,40507
7/1/2015,40510
7/1/2015,40760
8/1/2016,40879
9/1/2015,40930
5/1/2015,40952
6/1/2015,41009
2/1/2015,41011
8/1/2015,41062
6/1/2015,41156
5/1/2014,41157
7/1/2014,41354
8/1/2014,41451
8/1/2015,41458
11/1/2014,41473
4/1/2015,41484
10/1/2014,41492
12/1/2014,41542
7/1/2016,41542
9/1/2014,41613
1/1/2016,41619
10/1/2015,41740
5/1/2015,41745
1/1/2016,41790
3/1/2014,41829
10/1/2014,41833
3/1/2015,41841
5/1/2015,41873
1/1/2015,41892
9/1/2014,41899
10/1/2015,41928
6/1/2015,41952
7/1/2014,41964
1/1/2015,42003
11/1/2014,42007
6/1/2015,42025
4/1/2014,42029
7/1/2017,42067
1/1/2016,42092
1/1/2016,42095
3/1/2014,42098
10/1/2015,42109
7/1/2014,42147
10/1/2014,42181
8/1/2015,42190
3/1/2015,42211
9/1/2015,42215
7/1/2015,42222
11/1/2015,42334
12/1/2015,42367
10/1/2014,42520
7/1/2016,42556
11/1/2015,42624
2/1/2016,42651
4/1/2015,42719
12/1/2014,42822
4/1/2015,42895
3/1/2016,42976
6/1/2015,42996
2/1/2016,43027
12/1/2015,43171
12/1/2014,43188
8/1/2014,43238
2/1/2014,43257
12/1/2014,43341
6/1/2015,43362
9/1/2014,43406
12/1/2015,43464
4/1/2015,43483
11/1/2015,43649
10/1/2015,43692
11/1/2014,43694
4/1/2015,43725
6/1/2015,43825
5/1/2015,43911
6/1/2015,43914
6/1/2015,43937
1/1/2015,43958
8/1/2014,44016
5/1/2016,44049
8/1/2015,44080
6/1/2015,44152
8/1/2014,44249
8/1/2014,44305
1/1/2016,44364
5/1/2015,44650
8/1/2018,44668
9/1/2014,44748
6/1/2014,45009
2/1/2015,45130
1/1/2016,45157
4/1/2015,45173
6/1/2016,45179
8/1/2014,45189
5/1/2014,45242
8/1/2015,45248
7/1/2016,45288
3/1/2015,45320
10/1/2015,45537
11/1/2015,45558
8/1/2014,45647
10/1/2015,45652
1/1/2015,45683
4/1/2015,45734
9/1/2015,45754
1/1/2015,45860
12/1/2014,45883
9/1/2015,45991
2/1/2015,46140
7/1/2014,46242
11/1/2015,46254
12/1/2015,46379
4/1/2015,46391
9/1/2015,46581
11/1/2014,46588
6/1/2015,46612
12/1/2015,46615
12/1/2015,46689
5/1/2015,46776
12/1/2015,46826
2/1/2015,46839
5/1/2014,46900
4/1/2015,46911
5/1/2015,47034
12/1/2014,47048
2/1/2015,47297
7/1/2014,47328
4/1/2014,47353
4/1/2014,47506
10/1/2015,47594
3/1/2015,47613
1/1/2016,47626
3/1/2014,47744
3/1/2014,47788
11/1/2015,47969
1/1/2016,48038
7/1/2015,48099
12/1/2014,48279
11/1/2015,48333
7/1/2015,48372
11/1/2015,48531
11/1/2014,48564
3/1/2014,48586
1/1/2015,48628
7/1/2014,48702
7/1/2015,48737
1/1/2016,49054
5/1/2015,49054
7/1/2015,49379
3/1/2015,49533
9/1/2014,49601
3/1/2014,49719
11/1/2015,49722
4/1/2014,49747
11/1/2014,49802
8/1/2015,49803
4/1/2015,50008
8/1/2014,50113
7/1/2015,50211
9/1/2015,50230
3/1/2014,50318
6/1/2014,50524
7/1/2014,50600
10/1/2014,50742
9/1/2015,50793
1/1/2016,50941
10/1/2015,51255
5/1/2015,51273
4/1/2016,51363
11/1/2013,51450
5/1/2014,51476
9/1/2015,51478
3/1/2014,51580
2/1/2014,51649
6/1/2014,51939
10/1/2014,52019
3/1/2016,52034
6/1/2015,52159
4/1/2015,52421
3/1/2015,52636
11/1/2014,52780
5/1/2015,53109
1/1/2016,53172
9/1/2014,53698
2/1/2016,53947
5/1/2015,54076
6/1/2014,54350
4/1/2015,54410
11/1/2015,54491
5/1/2014,54491
11/1/2014,54533
12/1/2014,54695
3/1/2015,54838
5/1/2016,55129
11/1/2014,55432
2/1/2014,55642
4/1/2015,55671
4/1/2014,55703
3/1/2014,55724
11/1/2015,55961
2/1/2014,55983
7/1/2015,56003
8/1/2014,56070
12/1/2015,56132
8/1/2014,56260
9/1/2014,56303
11/1/2014,56360
8/1/2014,56410
12/1/2014,56424
12/1/2014,56704
1/1/2014,56847
8/1/2015,56961
5/1/2014,56963
8/1/2015,57044
10/1/2014,57301
3/1/2014,57378
2/1/2015,57549
9/1/2014,57613
8/1/2014,57660
10/1/2014,57684
7/1/2015,58133
12/1/2013,58141
4/1/2014,58199
8/1/2014,58255
12/1/2015,58302
10/1/2014,58345
3/1/2015,58408
2/1/2015,58581
7/1/2014,58640
12/1/2015,58657
6/1/2015,58733
12/1/2015,59098
7/1/2015,59280
3/1/2015,59312
4/1/2015,59324
3/1/2015,59471
10/1/2014,59516
11/1/2014,59651
8/1/2014,59792
6/1/2015,60397
10/1/2014,60534
8/1/2014,60552
4/1/2015,60729
11/1/2015,60853
10/1/2015,61151
10/1/2015,61327
10/1/2014,61404
1/1/2015,61779
9/1/2014,61820
10/1/2015,61922
7/1/2014,62232
11/1/2015,62362
12/1/2014,62511
9/1/2015,62564
12/1/2015,62596
7/1/2015,62621
4/1/2014,62874
6/1/2015,63091
4/1/2014,63158
3/1/2015,63437
1/1/2016,63516
3/1/2016,63651
7/1/2014,64227
3/1/2015,64441
7/1/2014,64577
10/1/2015,64652
3/1/2015,64694
5/1/2015,64795
1/1/2015,64923
4/1/2015,65094
6/1/2015,65138
4/1/2015,65415
5/1/2015,65604
7/1/2015,65897
10/1/2015,66101
10/1/2015,66331
7/1/2015,67036
8/1/2014,67072
8/1/2017,67203
3/1/2014,67455
4/1/2014,68023
5/1/2015,68361
6/1/2015,69578
10/1/2014,69901
11/1/2015,70046
7/1/2016,70528
7/1/2017,70923
11/1/2014,71077
5/1/2014,71900
9/1/2015,72231
9/1/2015,72231
9/1/2015,72232
11/1/2014,72407
8/1/2015,72990
2/1/2015,73655
2/1/2017,73791
10/1/2015,74081
10/1/2015,74081
7/1/2015,74183
1/1/2016,74904
3/1/2015,75041
6/1/2015,75090
10/1/2015,75438
2/1/2014,75473
5/1/2014,75924
8/1/2015,75975
8/1/2015,76008
10/1/2015,77412
3/1/2015,78231
8/1/2014,78257
8/1/2015,78282
2/1/2016,78350
12/1/2014,78428
9/1/2015,78720
2/1/2015,78963
6/1/2014,79898
11/1/2015,80526
8/1/2015,80741
8/1/2015,80741
8/1/2014,81387
1/1/2016,82286
8/1/2014,82376
11/1/2018,82831
7/1/2015,82936
7/1/2015,82936
5/1/2015,83426
5/1/2014,83553
1/1/2016,83762
2/1/2018,83906
4/1/2018,85748
7/1/2015,85791
6/1/2018,86088
8/1/2015,86128
5/1/2014,86263
9/1/2018,86693
7/1/2016,87315
5/1/2018,87367
10/1/2018,87922
9/1/2016,87933
6/1/2015,88143
8/1/2015,88760
3/1/2015,88841
6/1/2015,88983
6/1/2016,89183
3/1/2016,89516
4/1/2016,89595
10/1/2016,89838
1/1/2015,89960
11/1/2016,90405
4/1/2014,90560
3/1/2014,90594
3/1/2018,91068
12/1/2015,91290
5/1/2016,92459
1/1/2016,92471
12/1/2014,92836
10/1/2014,93241
6/1/2014,93510
12/1/2014,94543
12/1/2014,94902
8/1/2018,95608
1/1/2018,95801
7/1/2018,96003
1/1/2014,96275
11/1/2014,96900
4/1/2016,97114
11/1/2015,98446
3/1/2017,98499
12/1/2017,98576
12/1/2016,98819
1/1/2014,98872
4/1/2015,98952
1/1/2015,99672
4/1/2015,99866
4/1/2014,100174
1/1/2016,100322
1/1/2017,100545
2/1/2015,102123
5/1/2014,102422
8/1/2016,102569
11/1/2017,102637
9/1/2015,103079
4/1/2017,103251
4/1/2014,103323
5/1/2016,103511
8/1/2015,106820
12/1/2014,107307
10/1/2014,108040
3/1/2014,108191
7/1/2015,111206
12/1/2015,111587
10/1/2017,111871
11/1/2015,115374
8/1/2014,116865
6/1/2017,117840
8/1/2015,118076
12/1/2015,119115
9/1/2017,120662
5/1/2017,122062
1/1/2015,123732
12/1/2014,124767
11/1/2014,132812
5/1/2015,136910
8/1/2015,137760
5/1/2015,138747
11/1/2015,144436
9/1/2015,145581
10/1/2015,146400
10/1/2015,151593
9/1/2015,159299
4/1/2016,162073
10/1/2014,169012
7/1/2015,187430
6/1/2015,201923
9/1/2015,203704
5/1/2015,219718
8/1/2015,220304
