Market value,IPOProceed,Offer,Oversold shares,SharesOffered,Syndicated,Num_underwriters,Week1Perf,GrossSpread,Day1Perf
672,9,48,1322500,1150000,0,3,-92,740600,-92
475,220,10,24768735,23157895,0,5,-81,11765149,-81
29,9,5,2053040,1888888,0,1,-80,877675,-80
427,15,8,2156250,1875000,0,2,-53,1045781,-50
693,1047,70,14875000,14875000,0,5,-50,54978000,-50
4271,25,10,2500000,2500000,1,3,-40,1750000,-30
625,625,25,25000000,25000000,0,7,-40,16875000,-40
2635,89,12,7750000,7750000,1,3,-39,6238750,-27
298,80,14,5700000,5700000,1,3,-36,5586000,-4
2059,58,8,7250000,7250000,1,4,-34,4060000,-33
560,72,7,11004600,11004600,1,4,-32,5007093,-28
2086,283,17,17150000,17150000,0,4,-32,19808250,-27
413,70,11,6364000,6364000,0,4,-31,3577204,-15
374,72,16,4500000,4500000,0,5,-30,5040000,-23
164,40,10,4000000,4000000,1,4,-30,2800000,-10
406,60,13,4600000,4600000,1,2,-30,2093000,1
213,68,10,6820000,6820000,1,6,-30,4774000,-15
221,50,12,5175000,4500000,0,3,-30,2173500,-27
399,102,11,9230800,9230800,1,4,-30,7107716,-32
2648,531,17,31250000,31250000,1,6,-29,31875000,-24
1406,126,21,6000000,6000000,1,3,-29,8820000,-19
2372,1152,32,36000000,36000000,1,15,-29,63360000,-12
134,55,10,5500000,5500000,0,3,-28,3850000,-12
97,40,5,8000000,8000000,0,4,-27,2800000,-12
2349,500,17,30300000,30300000,1,6,-26,29997000,-24
137,44,11,4000000,4000000,1,4,-24,3080000,-4
250,100,9,11740000,11740000,1,5,-24,6985300,-18
464,165,11,15000000,15000000,0,7,-23,11137500,-18
175,50,10,5000000,5000000,1,4,-22,3500000,-22
1622,132,11,12000000,12000000,1,3,-22,9240000,-20
24,8,5,1500000,1500000,0,6,-22,675000,-18
1998,53,14,3750000,3750000,1,4,-21,3675000,-6
319,141,14,10000000,10000000,0,5,-20,9884000,-13
2147,60,10,6000000,6000000,1,3,-20,4200000,-19
560,16,4,4000000,4000000,1,2,-20,800000,-12
374,70,15,4687500,4687500,1,5,-20,4921875,-10
216,66,12,5500000,5500000,1,4,-19,4620000,-2
345,77,10,7700000,7700000,1,5,-19,5390000,-20
673,170,17,10000000,10000000,0,10,-19,11050000,-20
70,28,6,4600000,4600000,0,3,-18,1932000,-18
357,90,10,9000000,9000000,0,4,-18,6300000,-19
956,64,11,5835000,5835000,1,4,-18,5006430,-2
1244,510,15,34000000,34000000,1,10,-18,28050000,-3
43,8,8,1000000,1000000,0,1,-17,787500,-10
870,128,16,8000000,8000000,1,6,-17,8960000,-18
263,60,12,5000000,5000000,1,3,-17,4200000,-23
354,87,15,5800000,5800000,1,3,-17,6107400,3
143,40,3,15400000,15400000,0,5,-17,2802800,-13
115,42,7,6000000,6000000,1,2,-17,2502000,-15
301,36,12,3000000,3000000,0,3,-17,2520000,-28
3502,86,14,6140000,6140000,1,4,-17,6017200,12
32,7,4,1900000,1700000,0,1,-17,570000,-1
146,50,10,5000000,5000000,1,3,-17,3500000,-9
81,81,13,6200000,6200000,1,3,-17,5642000,-23
2556,235,16,14684000,14684000,1,6,-17,16446080,-17
584,68,10,6820000,6820000,0,3,-16,4774000,-9
501,165,14,11808714,11750000,0,3,-16,8276375,-20
81247,16007,38,421233615,421233615,1,33,-16,176075651,-10
321,362,16,22600000,22600000,0,2,-16,16520000,-13
105,54,10,5400000,5400000,0,3,-16,3780000,-10
398,92,18,5085985,5085985,1,4,-15,6408341,-1
1443,188,13,15000000,15000000,1,10,-14,13125000,-20
107,39,7,5500000,5500000,0,4,-14,2695000,-8
178,49,14,3500000,3500000,0,2,-14,3430000,-13
3490,476,14,34000000,34000000,1,10,-14,23800000,0
669,81,14,5800000,5800000,1,3,-14,5684000,-11
102,12,4,3000000,3000000,0,1,-14,840000,-11
750,141,9,15700000,15700000,1,6,-14,9891000,-9
144,100,15,6666667,6666667,0,9,-14,7000000,-9
172,45,9,5000000,5000000,1,4,-14,3150000,-6
388,108,14,8000000,8000000,1,4,-14,7560000,-12
72,23,10,2250000,2250000,0,2,-14,1575000,-11
330,132,12,11000000,11000000,0,4,-14,9240000,0
938,855,25,34183162,34183162,1,7,-14,42728953,-4
19,9,7,1325000,1325000,0,2,-13,775125,-4
46,12,7,1800000,1800000,0,2,-13,907200,-5
726,290,22,13200000,13200000,0,10,-13,18150000,-4
284,84,14,6000000,6000000,0,5,-13,5103000,0
1509,272,17,16000000,16000000,1,7,-13,17680000,-7
357,78,15,5400000,5400000,1,3,-13,5481000,-14
343,63,13,5000000,5000000,0,3,-13,4375000,-10
394,97,14,6956522,6956522,0,4,-13,6573913,0
1105,126,15,8400000,8400000,1,7,-13,8820000,-16
150,120,6,20000000,20000000,0,4,-13,6000000,-11
1802,471,16,29411764,29411764,1,12,-13,26141176,-6
12528,101,12,8400000,8400000,1,3,-13,7056000,-6
175,45,9,5275000,5000000,1,4,-13,3323250,-11
292,60,12,5016722,5016722,1,5,-13,4424749,-4
439,78,14,5770000,5770000,1,4,-12,5452650,-10
1386,359,21,20125000,17500000,1,11,-12,25269554,-7
2697,469,27,17999000,17384000,1,5,-12,29158380,-9
1091,32,8,4600000,4000000,1,1,-12,2576000,-10
343,100,10,10000000,10000000,1,3,-12,7000000,-5
101,101,15,6700000,6700000,0,8,-12,7035000,-11
203,116,15,8000000,8000000,0,5,-12,6960000,-6
76,6,5,1100000,1100000,1,1,-12,404250,-6
53,11,7,1500906,1500906,0,1,-12,735444,-8
210,200,20,10000000,10000000,0,5,-12,12800000,-4
50,50,15,3335000,3335000,0,9,-11,3501750,-3
442,10,8,1250000,1250000,0,2,-11,700000,-2
299,61,12,5750000,5000000,1,4,-11,4153800,15
75,60,8,7500000,7500000,0,4,-11,2025000,-10
7221,530,22,24078827,24078827,1,18,-11,33108387,-5
41,20,13,1500000,1500000,0,2,-11,1365000,-5
327,84,12,7499469,7300000,1,4,-10,6037073,0
193,132,12,11000000,11000000,0,7,-10,8910000,-6
28,220,13,1736000,1736000,0,2,-10,2064846,-8
32,97,11,8700000,8700000,0,3,-10,4901580,-7
3758,1059,15,70600000,70600000,1,9,-10,50302500,1
231,19,8,2400000,2400000,1,4,-10,1344000,-13
307,71,12,5882353,5882353,1,4,-10,4941177,-2
205,200,20,10000000,10000000,0,7,-10,8000000,-9
182,53,20,2670000,2670000,0,3,-10,3417600,-5
397,60,10,6000000,6000000,0,7,-10,4200000,-7
126,351,39,9000000,9000000,0,6,-9,,-9
126,351,39,9000000,9000000,0,6,-9,14527500,-9
8272,34,8,4200000,4200000,1,4,-9,2352000,-14
1053,109,15,7250000,7250000,1,6,-9,7068750,-3
215,200,20,10000000,10000000,0,7,-9,10000000,-6
78,81,10,8500000,8500000,1,3,-9,5652500,-13
272,54,12,4500000,4500000,1,3,-9,3780000,0
802,200,16,12500000,12500000,1,4,-9,14000000,6
531,247,21,11760000,11760000,0,5,-9,16052400,-2
1118,11,5,2118500,2100000,1,3,-9,847400,-2
315,225,15,15000000,15000000,0,9,-8,15187500,-9
39,5,5,1150000,1000000,0,2,-8,517500,-8
22423,71,10,6880000,6880000,1,3,-8,4936400,-2
301,80,14,5700000,5700000,1,6,-8,5586000,0
40,10,5,2000000,2000000,0,1,-8,700000,-5
993,61,7,8750000,8750000,1,4,-8,4287500,-12
219,210,14,15000000,15000000,0,9,-8,13125000,-7
453,53,13,5175000,4500000,1,4,-8,1883700,0
250,250,25,10000000,10000000,0,7,-8,15940000,-4
1455,13,6,2100000,2100000,1,2,-8,882000,-5
308,138,11,12500000,12500000,0,6,-8,9625000,-6
207,160,20,8000000,8000000,0,10,-7,6400000,-6
1315,380,43,8843023,8843023,1,12,-7,17781993,-3
121,100,16,6250000,6250000,0,8,-7,7000000,
399,200,20,11500000,10000000,0,7,-7,14375000,-4
89922,390,43,9058450,9058450,1,6,-7,19475668,-10
184,51,10,5100000,5100000,1,5,-7,3570000,-3
334,75,15,5000000,5000000,1,5,-7,5250000,-10
282,105,13,9205000,8050000,0,4,-7,7774633,0
206,59,11,5357143,5357143,0,4,-7,4125000,-1
131,17,8,2062500,2062500,0,4,-7,1155000,5
819,160,16,10000000,10000000,1,6,-7,8400000,-8
853,279,19,14700000,14700000,1,5,-7,19551000,8
1196,128,17,7500000,7500000,1,3,-7,8925000,-3
5118,870,12,72500000,72500000,1,9,-7,36975000,-7
185,49,9,5797000,5400000,1,4,-7,,-7
281,179,13,15812500,13750000,1,7,-7,14389375,-7
65,4,5,800000,800000,0,3,-7,280000,-19
3822,165,16,11316267,10300000,1,4,-7,11768918,-5
52,20,6,3333333,3333333,0,3,-7,1200000,-4
157,42,7,6150000,6000000,1,5,-6,3013500,-9
87,87,10,8697063,8697063,0,4,-6,6087944,-16
45,8,8,1000000,1000000,0,2,-6,800000,-3
338,50,10,5000000,5000000,1,4,-6,3500000,-4
421,97,10,9650000,9650000,1,5,-6,6755000,0
6993,1000,10,100000000,100000000,1,6,-6,32500000,-10
1093,446,13,35715000,35715000,1,9,-6,26786250,-2
55,55,19,2900000,2900000,0,3,-6,3857000,-6
185,175,20,8750000,8750000,0,4,-6,10500000,-6
646,463,19,25000000,25000000,0,6,-6,27750000,-4
640,24,8,3353550,3025000,1,3,-6,1877988,-3
339,106,11,9600000,9600000,0,7,-6,6336000,-6
186,39,13,3000000,3000000,0,2,-6,1560000,0
561,127,17,7700000,7700000,0,5,-6,8932000,-3
280,81,9,9000000,9000000,0,5,-6,5670000,-4
7895,4133,31,153333334,133333334,1,17,-6,202093334,5
320,62,14,4400000,4400000,1,4,-6,4312000,-11
158,37,24,1550000,1550000,0,2,-6,2604000,-3
196,120,16,7500000,7500000,0,7,-6,8400000,0
64,15,11,1400000,1400000,0,2,-5,962500,-5
299,39,11,3500000,3500000,0,3,-5,2695000,0
2770,676,28,24137931,24137931,1,9,-5,7482517,-7
186,150,20,7585000,7500000,0,7,-5,9102000,-5
1583,226,17,15295000,13300000,1,4,-5,16900975,40
641,143,13,11980000,11000000,0,7,-5,10901800,-2
473,459,15,30600000,30600000,0,16,-5,25245000,-3
802,249,21,11868400,11868400,1,2,-5,17446548,-5
16,12,6,2000000,2000000,0,3,-5,960000,-4
121,42,7,6000000,6000000,0,4,-5,2940000,0
300,200,20,10000000,10000000,0,9,-5,12500000,0
118,50,5,10000000,10000000,1,4,-5,3500000,9
395,39,7,5555556,5555556,1,1,-5,2722222,4
2168,44,8,5962352,5500000,1,4,-5,3338917,-6
175,175,20,8750000,8750000,0,7,-5,7875000,0
335,294,20,16005002,14706327,0,5,-5,19206002,-6
540,435,15,29000000,29000000,0,10,-5,19575000,-5
54,20,6,3134921,3134921,0,2,-5,1185000,-2
37,11,5,2000000,2000000,1,2,-5,896000,-3
818,740,20,40902005,37000000,1,39,-5,36811805,0
728,166,19,9471274,8750000,0,6,-5,11697023,-3
2299,565,19,29757559,29757559,1,10,-5,33923617,-5
323,86,19,4500000,4500000,1,5,-5,5985000,1
320,320,20,16000000,16000000,0,14,-5,14400000,0
141,141,15,9375000,9375000,0,4,-5,9843750,1
2062,200,12,16300000,16300000,1,6,-5,12979690,-1
1138,394,14,29128700,28125000,1,10,-5,28036374,-8
179,33,13,2500000,2500000,0,2,-5,1475000,-2
24554,1689,14,371967861,371967861,1,8,-5,1232159,-7
301,60,12,5000000,5000000,1,4,-5,4200000,0
148,74,10,7812500,7812500,0,3,-4,5195313,-1
19,19,10,1875000,1875000,0,1,-4,1312500,-5
151,34,6,6131111,6131111,0,4,-4,2360478,-5
235,163,13,12950000,12500000,0,6,-4,11784500,-3
160,100,14,7272727,7272727,0,8,-4,7000000,-6
118,35,7,5000000,5000000,1,4,-4,2450000,-4
14270,1434,19,80274100,75564000,1,8,-4,21118665,-2
134,56,4,14000000,14000000,1,4,-4,1373400,-1
61,39,12,3200000,3200000,0,7,-4,2592000,-2
1253,240,19,12655263,12655263,1,6,-4,15629250,-4
65,52,6,8600000,8600000,0,1,-4,4128000,
3000,150,13,12000000,12000000,0,2,-4,10500000,-17
412,46,10,5000113,4874012,0,3,-4,3325075,-11
313,84,9,9300000,9300000,0,3,-4,5859000,-3
659,594,20,32950000,29700000,0,5,-4,29655000,-5
171,142,19,7700000,7700000,0,8,-4,5698000,-4
261,72,11,6882991,6500000,1,4,-4,5299903,4
205,100,19,5250000,5250000,0,6,-4,6609750,0
223,68,9,7500000,7500000,1,4,-4,4725000,-7
8266,400,16,28750000,25000000,1,9,-4,27600000,-2
70,70,11,6700000,6700000,1,3,-4,4924500,2
43,13,12,1120000,1120000,0,1,-4,940800,-3
194,160,20,9200000,8000000,0,8,-4,12880000,-2
16466,743,14,61065000,53100000,1,7,-4,51294600,21
196,187,14,13462933,13333333,0,7,-4,11578122,-2
1520,202,14,14400000,14400000,1,4,-4,13608000,-7
658,386,7,57189693,57189693,0,5,-4,23161826,1
282,130,13,10700000,10000000,1,3,-3,9737000,-2
1287,450,18,28750000,25000000,1,15,-3,29756250,0
901,42,42,6000000,6000000,1,3,-3,2940000,-11
338,116,13,8950000,8950000,0,5,-3,6961500,-1
4906,1008,15,70631400,67200000,1,3,-3,24008130,-5
165,68,9,8625000,7500000,1,4,-3,5433750,6
200,60,15,4000000,4000000,1,2,-3,4200000,-5
1284,315,15,21000000,21000000,1,11,-3,18112500,0
674,150,15,10000000,10000000,1,3,-3,10500000,-3
1488,20,7,3100000,3100000,1,3,-3,1410500,-6
574,156,13,12500000,12500000,0,4,-3,10937500,0
304,20,8,2611608,2500000,0,5,-3,1462500,2
283,90,15,6000000,6000000,1,4,-3,5625900,-1
152,78,20,3900000,3900000,0,4,-3,5070000,0
725,720,18,40000000,40000000,0,10,-3,36000000,-4
970,450,13,34615000,34615000,1,9,-3,,0
970,450,13,34615000,34615000,1,9,-3,19529650,0
1497,313,25,12500000,12500000,1,9,-3,18000000,0
1331,293,20,15000000,15000000,1,2,-3,17550000,-3
1505,334,29,13225000,11500000,1,6,-3,26846750,11
1750,350,14,25000000,25000000,1,3,-3,24500000,-1
310,135,20,7296700,6772500,0,3,-3,10215380,2
267,81,9,9968539,9000000,1,4,-3,6280180,0
267,60,15,4000000,4000000,0,7,-3,4050000,-7
337,91,14,6875000,6500000,0,3,-3,6737500,-4
17,11,5,2444450,2444450,0,2,-3,660002,-1
554,500,15,34083334,33333334,0,6,-3,31953126,-2
2520,443,15,29500000,29500000,1,6,-3,26550000,-4
85,147,19,7750000,7750000,0,4,-3,9377500,-1
347,140,14,10000000,10000000,0,5,-3,9800000,-4
1932,147,11,13422147,13333334,1,5,-3,10335053,-3
69,90,20,4500000,4500000,0,5,-3,6187500,-2
100,100,8,12500000,12500000,0,6,-3,6875000,8
255,250,20,14375000,12500000,0,9,-3,14375000,-3
142,142,16,8726957,8726957,1,3,-2,9926914,-3
618,30,5,6000000,6000000,1,2,-2,2100000,2
253,199,13,15644692,15307692,0,8,-2,7586313,-2
221,212,18,12615000,12100000,0,7,-2,15453375,0
1635,135,9,15000000,15000000,1,3,-2,9450000,0
2131,477,21,22727273,22727273,1,8,-2,28636364,-1
372,78,15,5400000,5400000,0,3,-2,5481000,-2
415,81,18,4598000,4500000,1,4,-2,5793480,0
254,22,11,2000000,2000000,0,1,-2,1540000,-4
11257,8680,31,280000000,280000000,1,15,-2,200083016,-3
430,80,8,11500000,10000000,1,10,-2,5635000,10
783,40,8,5489849,5000000,1,4,-2,3074315,2
191,180,9,21160750,20000000,0,4,-2,13331273,-5
1088,288,13,22173000,22173000,1,6,-2,18736185,-6
12719,87,7,12487500,12487500,1,4,-2,6118875,3
665,238,19,13963785,12500000,0,8,-2,17245274,-4
127,78,13,6000000,6000000,0,2,-2,5460000,-3
764,275,20,14150000,13750000,1,6,-2,17156875,-2
200,170,20,8811200,8500000,0,8,-2,11454560,-4
283,72,10,7200000,7200000,0,4,-2,5040000,-3
202,53,11,5009569,5000000,1,4,-2,3682033,-3
113,245,14,17480000,17480000,0,10,-2,15906800,1
150,145,20,7250000,7250000,0,11,-2,5800000,-1
578,140,14,10344828,10344828,0,6,-2,9775862,5
243,211,14,17319000,15060000,0,7,-2,15760290,7
526,161,12,13399233,13399233,0,5,-2,10049425,-3
235,228,14,16300000,16300000,0,5,-2,14833000,-1
1350,882,18,49000000,49000000,1,10,-2,41895000,-1
317,85,15,5750000,5750000,0,10,-2,4255000,0
360,128,14,10185000,9500000,0,4,-2,9624825,0
3440,1247,22,63173300,58000000,1,16,-2,40746779,-3
95,79,21,3750000,3750000,0,5,-2,4921875,
44820,15633,45,366880200,345750000,1,19,-2,1960858,-1
257,87,15,5800000,5800000,0,3,-2,6090000,-7
766,285,19,15000000,15000000,1,5,-2,17100000,-8
28,8,8,1000000,1000000,0,7,-2,800000,22
200,160,20,8000000,8000000,0,8,-2,6400000,-7
1362,130,13,10000000,10000000,1,3,-2,9100000,-1
55,40,10,4000000,4000000,0,4,-2,2000000,-1
2941,391,17,23000000,23000000,1,8,-1,23460000,-1
291,85,17,5000000,5000000,1,4,-1,5950000,0
56,18,9,2000000,2000000,0,4,-1,1350000,-1
162,150,20,8625000,7500000,0,6,-1,12075000,1
735,466,19,25300209,24508617,0,9,-1,30043998,0
3,10,13,800000,800000,0,1,-1,832000,-1
172,171,12,14285714,14285714,0,4,-1,12000000,1
431,90,12,7500000,7500000,0,5,-1,6300000,0
3461,24,8,3450000,3000000,1,2,-1,1932000,1
201,110,20,6300000,5500000,0,10,-1,7560000,-1
657,160,12,14883334,13333334,0,8,-1,19348334,0
371,101,23,4500000,4500000,0,2,-1,6075000,-1
249,212,13,18300000,16300000,0,6,-1,14868750,-2
806,217,13,16992000,16700000,1,5,-1,15462720,7
240,70,9,7755000,7755000,1,4,-1,4885650,-7
219,100,10,10221292,10000000,0,6,-1,7154904,-2
243,81,13,6633722,6250000,0,6,-1,6036687,0
1146,215,21,10250000,10250000,1,6,-1,13991250,0
851,810,20,46575000,40500000,1,9,-1,55890000,0
186,36,8,4558601,4500000,1,3,-1,2552817,1
34,16,16,1020000,1020000,0,3,-1,963900,2
50,45,10,4607361,4500000,0,2,-1,3225153,-1
704,359,17,24265000,21100000,0,8,-1,25781563,-1
200,65,13,5750000,5000000,1,4,-1,5232500,0
18,11,6,1800000,1800000,0,2,-1,864000,-4
418,173,12,15375000,14375000,0,5,-1,11992500,0
865,187,12,15856513,15600000,1,5,-1,11416689,-4
609,93,19,5680945,5000000,0,7,-1,7356824,-2
2023,532,19,28267100,28000000,1,9,-1,29539120,0
6825,55,11,6037500,5250000,1,5,-1,4437563,-3
293,203,15,13500000,13500000,0,7,-1,14175000,0
414,148,14,11003930,10600644,0,3,-1,10783851,-1
20178,1000,31,32051284,32051284,1,8,-1,18882501,0
1723,45,10,4500000,4500000,1,3,-1,3150000,0
351,350,25,14637000,14000000,0,17,-1,16466625,0
1036,190,19,10000000,10000000,1,5,-1,12350000,-1
4607,4600,23,211573200,200000000,1,12,-1,194647344,-5
647,219,18,14375000,12500000,0,10,-1,16351563,-90
63,50,8,6626300,6250000,0,3,-1,,0
202,123,12,10727779,10277779,0,9,-1,7724001,0
961,339,14,24221929,24221929,1,5,-1,23228830,-4
342,72,11,6550000,6550000,0,4,0,3668000,0
444,83,23,3600000,3600000,0,7,0,5589000,0
141,70,15,5370500,4670000,0,4,0,7679815,-1
132,86,15,5740000,5740000,0,4,0,6027000,-1
326,198,16,12496618,12378000,0,4,0,12246686,0
60,60,10,6000000,6000000,0,4,0,3600000,0
670,360,20,18000000,18000000,0,7,0,23400000,-2
935,380,22,17250000,17250000,1,16,0,21821250,0
1956,600,23,26100000,26100000,1,9,0,42021000,-1
2936,99,9,11000000,11000000,1,5,0,6435000,0
128,60,15,4000000,4000000,0,4,0,5700000,-1
536,189,20,9441693,9441693,1,6,0,13218370,-3
5,11,10,1100000,1100000,0,1,0,770000,
45,36,8,4500000,4500000,0,1,0,,
181,60,12,5038000,5038000,0,18,0,4231920,8
23,6,6,1000000,1000000,0,1,0,600000,5
35,37,20,1825000,1825000,0,5,0,2555000,0
36,15,5,3000000,3000000,0,2,0,1200000,0
75,59,8,7312500,7312500,0,1,0,3510000,
75,20,6,3350000,3350000,0,2,0,1407000,3
77,38,8,4800000,4800000,0,5,0,2688000,0
77,77,15,5350000,5150000,0,8,0,3611250,0
85,20,4,5000000,5000000,0,4,0,1400000,-6
86,75,15,5750000,5000000,0,7,0,5175000,1
95,35,12,3052174,3052174,0,2,0,2106000,0
95,52,12,5175000,4500000,0,3,0,3297200,3
98,75,10,7500000,7500000,0,3,0,4406250,0
105,105,15,7000000,7000000,0,4,0,7350000,0
107,107,15,7100000,7100000,0,14,0,4792500,0
110,110,20,5500000,5500000,0,7,0,4950000,0
115,115,25,4600000,4600000,0,16,0,5175000,0
118,118,20,5900000,5900000,0,11,0,5310000,0
124,124,15,8500000,8250000,0,7,0,5737500,0
146,70,15,5250000,4650000,0,6,0,3543750,0
192,192,20,9600000,9600000,0,12,0,8640000,0
192,192,20,9600000,9600000,0,11,0,8640000,0
196,196,15,13265000,13040000,0,13,0,8953875,0
200,188,15,12500000,12500000,0,4,0,9843750,0
201,64,8,8625900,8000000,0,3,0,4830504,1
222,58,14,4830000,4200000,0,2,0,4243155,0
230,230,20,11500000,11500000,0,10,0,10350000,0
235,235,20,11750000,11750000,0,9,0,10575000,0
242,242,20,12100000,12100000,0,8,0,10890000,0
260,260,15,17350000,17350000,0,18,0,11711250,0
268,54,18,3000000,3000000,0,3,0,3780000,3
290,290,20,14500000,14500000,0,10,0,13050000,0
293,236,21,11860694,11500000,0,5,0,15070301,0
306,300,15,20624000,20000000,0,8,0,20108400,-2
307,8,7,1200000,1200000,0,4,0,780000,-4
309,75,13,5800000,5800000,0,5,0,5278000,1
332,332,20,16600000,16600000,0,13,0,14940000,0
345,218,17,14720000,12800000,0,6,0,17516800,4
345,345,20,17250000,17250000,0,16,0,15525000,0
356,354,13,30583333,28333333,0,6,0,23319791,1
367,367,20,19350000,18350000,0,11,0,17415000,0
369,369,15,24600000,24600000,0,14,0,16605000,0
386,120,10,12000000,12000000,0,9,0,8400000,0
407,111,19,6900000,6000000,0,7,0,8935500,0
409,132,12,12059427,11000000,0,5,0,10129919,1
410,402,15,27353100,26800000,0,13,0,18463343,0
450,450,20,23284300,22500000,0,16,0,20955870,
451,451,20,22550000,22550000,0,16,0,20295000,0
460,460,20,23000000,23000000,0,7,0,20700000,0
500,470,25,18800000,18800000,0,14,0,21150000,0
500,500,20,26715800,25000000,0,12,0,24044220,0
500,500,15,37975000,33350000,0,12,0,25633125,0
501,463,25,20040550,18500000,0,10,0,22545619,0
515,515,15,36800000,34300000,0,13,0,24840000,0
571,362,20,17250000,15000000,0,9,0,22425000,-1
600,600,21,28846500,28570000,0,9,0,36346590,1
773,430,23,21499998,18695650,1,6,0,29669997,-1
840,140,14,10000000,10000000,1,4,0,8750000,0
870,870,20,48650000,43500000,1,12,0,43785000,0
1005,180,18,10476801,10000000,1,7,0,11314945,1
1300,1300,20,65000000,65000000,1,81,0,58500000,
1476,408,20,23469387,20408163,1,7,0,24642856,0
1970,1970,20,98500000,98500000,1,23,0,88650000,0
2539,800,16,50000000,50000000,1,10,0,40000000,0
4538,851,14,63000000,63000000,1,13,0,36571500,-1
5500,5500,20,301700000,275000000,1,26,0,271530000,0
5727,1668,15,131050000,115000000,1,11,0,74628994,4
94,50,6,9660000,8400000,1,4,0,6085800,4
95,53,15,4025000,3500000,1,3,0,4226250,0
128,34,5,6818170,6818170,1,6,0,2386360,3
155,83,15,6325000,5500000,1,3,0,6641250,13
161,36,6,6900000,6000000,1,4,0,2898000,1
176,50,9,5500000,5500000,1,3,0,3465000,0
262,56,14,4000000,4000000,1,3,0,3136000,7
396,75,15,5750000,5000000,1,3,0,6037500,0
458,88,14,6557100,6250000,1,5,0,6425958,0
516,78,11,7361000,7100000,1,5,0,5667970,-3
1209,42,7,6604492,6000000,1,4,0,2773887,2
188,188,25,7500000,7500000,0,15,0,8437500,0
425,425,25,17000000,17000000,0,14,0,19125000,0
665,665,25,26600000,26600000,0,16,0,29925000,0
185,185,20,9250000,9250000,0,18,0,8325000,0
275,267,20,13725000,13350000,0,14,0,12352500,0
310,310,20,15500000,15500000,0,14,0,13950000,0
325,325,20,16250000,16250000,0,13,0,10562500,0
330,330,20,16500000,16500000,0,24,0,14850000,0
357,357,20,17850000,17850000,0,15,0,16065000,0
360,360,20,18000000,18000000,0,16,0,16200000,0
400,400,20,20000000,20000000,0,11,0,18000000,0
464,464,20,23200000,23200000,0,20,0,20880000,0
555,284,21,15525000,13500000,0,9,0,22006688,3
680,680,20,34000000,34000000,0,10,0,30600000,0
825,825,20,41250000,41250000,1,19,0,37125000,0
842,760,20,42070000,38000000,1,12,0,37863000,0
4051,810,20,40500000,40500000,1,14,0,36450000,0
1262,282,17,16525000,16525000,1,5,0,10113300,6
120,120,15,8000000,8000000,0,10,0,5400000,0
379,379,15,25250000,25250000,0,16,0,17043750,0
803,803,15,56700000,53500000,1,22,0,38272500,0
840,840,15,56000000,56000000,1,16,0,37800000,
149,49,14,4061800,3532000,1,3,0,3980564,1
183,183,25,7300000,7300000,0,7,0,8212500,5
225,225,25,9000000,9000000,0,15,0,10125000,0
3083,122,13,9900000,9375000,1,4,0,9009000,0
119,50,10,5000000,5000000,0,1,0,2500000,
94,75,10,7500000,7500000,0,1,0,4125000,0
265,251,20,13250000,12550000,0,12,0,11925000,0
740,740,20,37000000,37000000,0,18,0,33300000,0
233,233,25,9300000,9300000,0,11,0,10462500,0
750,750,25,30000000,30000000,0,17,0,33750000,0
93,93,15,6200000,6200000,0,4,0,4185000,0
261,240,15,17400000,16000000,0,12,0,14442000,0
308,308,15,22486667,20500000,0,4,0,15178500,0
500,400,8,54116800,50000000,0,3,0,30305408,0
154,41,8,5500000,5500000,1,3,0,2887500,-1
226,51,14,4153226,3650000,0,5,0,4070161,0
750,750,20,37500000,37500000,0,9,0,33750000,1
9546,2828,20,146440000,145000000,1,21,0,99945300,0
24410,139,13,12266667,10666667,1,3,0,11162667,0
479,196,16,14087500,12250000,0,5,0,15778000,-3
275,275,25,11000000,11000000,0,14,0,,0
450,360,10,41400000,36000000,0,1,0,28980000,1
475,475,25,19000000,19000000,0,16,0,21375000,
575,575,20,31805900,28750000,0,15,0,22264130,0
800,800,15,53350000,53350000,1,16,0,36011250,0
1700,1700,20,85000000,85000000,1,20,0,76500000,0
235,32,8,4000000,4000000,1,3,0,2240000,14
1515,150,15,10800000,10000000,1,6,0,10530000,0
1914,495,18,31595000,27500000,1,8,0,35544375,0
878,244,13,20700500,18750000,1,8,0,16819156,3
390,253,13,23230000,20200000,0,7,0,18149599,0
913,913,25,40800000,36500000,1,19,0,45956250,0
676,676,20,33800000,33800000,0,17,0,30420000,1
765,300,20,15000000,15000000,1,8,0,21000000,1
4321,192,12,16000000,16000000,1,7,0,11520000,-1
1005,138,19,8222460,7150000,1,7,0,10288353,2
435,456,19,24229300,24000000,0,7,0,27621402,-3
900,900,15,60000000,60000000,1,13,0,40500000,0
930,930,15,62000000,62000000,1,7,0,58125000,0
508,508,25,20300000,20300000,0,15,0,22837500,0
236,236,20,11800000,11800000,0,20,0,10620000,0
330,330,20,16500000,16500000,0,14,0,14850000,0
235,254,10,26000000,26000000,0,5,0,17745000,1
28,22,6,3600000,3600000,0,2,0,2052000,-1
216,216,15,14400000,14400000,0,8,0,15120000,1
223,66,11,6000000,6000000,0,7,0,4620000,0
143,91,13,7000000,7000000,0,4,0,6370000,-5
161,120,15,8000000,8000000,0,6,0,7200000,1
309,309,15,20600000,20600000,0,3,0,13905000,0
1400,1400,20,70000000,70000000,1,12,0,63000000,0
443,210,15,16100000,14000000,0,6,0,10867500,0
1300,650,13,53615200,50000000,1,6,0,34849880,1
8500,213,9,27894900,25000000,0,4,0,16736940,8
88,88,15,5850000,5850000,0,13,0,3948750,0
1460,1460,20,82700000,73000000,1,26,1,74430000,0
108,32,11,2990000,2950000,0,3,1,2302300,0
1486,221,23,9600000,9600000,1,5,1,15456000,-1
140,140,25,6126881,5600000,0,13,1,6892741,0
233,56,10,5566508,5566508,0,3,1,3896556,0
281,225,8,28125000,28125000,0,3,1,15750000,2
155,56,12,4670000,4670000,0,4,1,3922800,5
228,228,15,15200000,15200000,0,4,1,10260000,1
257,240,12,21421300,20000000,0,7,1,16065975,0
1350,1350,15,90000000,90000000,1,18,1,60750000,1
2153,2153,25,86100000,86100000,1,24,1,96862500,1
269,78,13,6126400,6000000,1,4,1,5575024,1
446,189,14,15525000,13500000,0,4,1,15214500,4
1127,225,14,18283381,16064157,1,8,1,17917713,7
612,75,15,5229007,5000000,0,3,1,4703675,-1
480,43,12,3750000,3750000,1,3,1,3018750,0
16235,484,14,38549867,34814489,1,7,1,2556181,1
165,68,10,6800000,6800000,1,3,1,4760000,0
691,245,19,15237500,13250000,0,7,1,14799422,-2
74,35,15,2645000,2300000,0,6,1,1785375,1
78,36,15,2760000,2400000,0,7,1,1863000,2
124,59,15,4450000,3900000,0,5,1,3003750,0
197,92,15,7015000,6100000,0,7,1,4735125,2
305,305,15,21800000,20300000,0,10,1,14715000,1
900,900,20,51350000,45000000,1,19,1,46215000,1
300,168,9,21505000,18700000,0,4,1,13548150,5
786,149,17,9000000,9000000,1,5,1,9949500,-1
124,108,22,5635000,4900000,0,5,1,8215830,7
475,475,20,25032342,23750000,0,15,1,15019405,0
87,7,5,1333333,1333333,0,4,1,466667,-1
67,29,10,2900000,2900000,0,1,1,2030000,6
60,9,3,2850000,2850000,0,2,1,598500,0
72,21,7,3000000,3000000,0,2,1,1680000,0
1575,1575,15,105000000,105000000,1,15,1,70875000,0
2108,2108,15,140500000,140500000,1,16,1,94837500,0
95,35,10,3500000,3500000,1,3,1,2450000,2
152,74,14,5300000,5300000,1,4,1,5194000,-5
396,82,13,7229421,6329421,1,5,1,6578773,6
401,139,14,11181200,10294118,0,6,1,9811503,1
21789,103,10,10871599,10871599,1,4,1,7229613,5
182,182,15,12100000,12100000,0,10,1,8167500,0
1170,1170,20,58500000,58500000,1,18,1,52650000,1
760,10,9,1333361,1159445,0,1,1,840017,4
70,22,9,2400000,2400000,0,2,1,1620000,-3
218,179,11,16666667,16666667,0,3,1,10750000,1
1622,335,22,15698821,15244888,1,16,1,22017596,
775,42,7,6000000,6000000,1,4,1,2940000,1
58,21,6,3500000,3500000,1,3,1,1470000,2
900,200,17,11764705,11764705,1,9,1,13999999,-6
1794,567,21,31050000,27000000,1,9,1,39123000,9
71,33,15,2530000,2200000,0,6,1,1707750,0
335,335,20,18200000,16750000,0,17,1,16380000,0
494,80,20,4177425,4000000,0,6,1,5848395,0
800,800,20,42500000,40000000,1,16,1,38250000,0
6763,594,18,34518242,33000000,1,11,1,37279701,0
1741,126,14,10323600,8992700,1,4,1,10117128,9
666,380,19,20000000,20000000,0,24,1,21850000,0
128,130,15,8695653,8695653,0,5,1,9130436,4
239,113,11,11500000,10000000,0,4,1,8732870,2
945,945,15,63000000,63000000,1,18,1,42525000,1
372,94,15,6250000,6250000,1,5,1,6562500,7
110,110,18,6100000,6100000,0,6,1,7686000,9
100,99,15,7590000,6600000,0,4,1,7969500,-1
126,43,7,6200000,6200000,1,4,1,3038000,0
1674,42,7,6000000,6000000,1,4,1,2940000,1
49500,15774,33,549700000,478000000,1,20,1,136050750,4
2005,299,34,10120000,8800000,1,9,1,23225400,0
224,87,10,9039709,8696820,0,7,2,6327796,1
305,305,20,15250000,15250000,0,8,2,13725000,0
252,103,15,7405000,7100000,0,6,2,7516075,1
627,627,15,41800000,41800000,0,15,2,28215000,0
242,105,21,5750000,5000000,0,5,2,7848750,3
81,63,15,4200000,4200000,0,4,2,5985000,0
163,165,15,11000000,11000000,0,3,2,7425000,0
375,375,20,21250000,18750000,0,13,2,19125000,0
133,60,5,13382651,12000000,1,4,2,4683928,
688,72,8,9000000,9000000,0,3,2,2918184,0
600,207,18,12500000,11500000,0,7,2,15750000,0
2620,2620,20,148750000,131000000,1,22,2,133875000,2
1752,468,9,56728835,52000000,0,6,2,25527976,1
216,203,9,22500000,22500000,0,3,2,14175000,1
234,120,13,10284500,9250000,0,4,2,9024649,0
327,64,16,4600000,4000000,0,2,2,5152000,4
875,875,20,43750000,43750000,1,10,2,39375000,0
158,50,10,5750000,5000000,1,3,2,4025000,2
4172,600,23,30015000,26100000,1,11,2,37968975,7
438,309,17,20810875,18750000,0,13,2,20602766,0
3081,569,18,36340000,31600000,1,11,2,39247200,1
4395,205,17,12990950,12035000,1,8,2,15459231,6
35,12,6,2300000,2000000,0,1,2,1104000,5
655,210,17,14231250,12375000,0,4,2,16935188,2
880,660,16,47437500,41250000,1,7,2,43642500,12
564,188,20,9400000,9400000,0,13,2,8460000,1
750,750,25,30000000,30000000,1,5,2,37500000,1
357,233,21,12747750,11085000,0,8,2,17400679,0
74,17,15,1100000,1100000,0,1,2,1023000,2
571,174,13,15035300,13350000,0,5,2,13682123,6
167,9,9,1150000,1000000,0,1,2,684250,
2000,2000,20,105515781,100000000,1,18,2,94964203,0
734,270,16,19435000,16900000,0,5,2,21767200,2
27,15,6,2875000,2500000,0,1,3,1207500,12
460,36,6,6000000,6000000,0,1,3,3240000,
58,27,15,2070000,1800000,0,7,3,1397250,2
252,50,10,5750000,5000000,0,3,3,4025000,21
559,200,16,13875000,12500000,0,6,3,14430000,1
20,35,22,1840000,1600000,1,3,3,2833600,9
1138,54,4,13500000,13500000,1,4,3,3780000,1
599,247,21,12450000,11750000,0,6,3,18301500,5
380,143,10,17004000,15000000,0,6,3,11307660,1
446,140,14,10000000,10000000,0,5,3,6161155,0
4809,1324,15,88235000,88235000,1,8,3,56249813,4
35,21,7,3000000,3000000,0,2,3,1470000,5
874,291,21,15957045,13875691,1,4,3,17592642,-2
548,142,11,15525000,13500000,1,6,3,10595813,
596,435,15,33350000,29000000,0,8,3,35017500,1
3541,122,13,10820816,9409405,1,3,3,9495266,1
1576,315,15,21000000,21000000,1,14,3,14175000,3
401,189,19,11730000,10200000,0,5,3,15190350,4
185,75,21,4226250,3675000,0,4,3,5849130,4
246,246,20,12300000,12300000,0,12,3,11070000,5
216,58,10,5964188,5750000,1,3,3,4174932,-3
409,116,15,7700000,7700000,1,4,3,8085000,1
4233,217,18,14045524,12222399,1,5,3,17451564,3
75,60,8,7500000,7500000,0,4,3,4200000,4
125,50,20,2815000,2500000,0,2,3,3941000,14
671,172,22,9200000,8000000,0,10,3,12362500,2
2643,45,10,5006000,4500000,1,4,3,3504200,1
1248,233,14,19166667,16666667,1,9,3,17441667,4
252,54,9,6900000,6000000,1,4,3,4347000,3
316,275,25,12600000,11000000,0,10,3,14175000,3
4318,783,18,49067000,43500000,1,13,3,39744270,4
44675,579,12,57000000,50000000,1,6,3,17867790,12
38,8,8,1150000,1000000,0,3,3,115000,8
650,641,21,35075000,30500000,0,7,3,46035938,6
151,36,6,6450000,6000000,1,4,3,2709000,3
277,217,20,11677500,10850000,0,5,3,14596875,6
6032,147,11,13330000,13330000,1,3,3,8797800,-7
547,157,19,9487500,8250000,0,12,3,12618375,3
718,564,21,31625000,27500000,0,8,3,45381875,4
472,82,13,7278271,6328932,1,4,3,6623227,10
258,258,16,19166666,16666666,0,9,4,19933333,3
179,74,21,4025000,3500000,0,7,4,5494125,-1
224,30,7,4350000,4350000,0,4,4,2131500,5
114,42,7,6720350,6000000,1,4,4,3292972,6
205,49,7,7000000,7000000,1,3,4,3430000,25
251,78,12,6500000,6500000,1,4,4,5460000,8
106,106,11,9600000,9600000,0,4,4,7392000,0
96,21,6,3500000,3500000,1,3,4,1470000,-7
118,33,6,6075614,5500000,1,4,4,2551758,0
1783,800,24,37500000,33333334,1,9,4,47250000,2
22,22,10,2530000,2200000,0,2,4,1581250,4
120,45,4,12730982,11250000,0,5,4,3366072,5
151,120,20,6900000,6000000,0,5,4,8970000,4
395,127,11,13876846,12066823,0,4,4,10199482,5
706,694,19,41986500,36510000,0,9,4,49858969,1
442,78,13,6000000,6000000,1,4,4,5460000,8
146,146,13,12880000,11200000,0,12,4,10883600,-3
216,188,11,19166667,16666667,1,5,4,15093750,3
1126,168,21,8586800,8000000,1,4,4,12622596,3
370,116,15,8365000,7700000,1,4,4,8783250,3
1788,759,17,52900000,46000000,1,6,4,54539900,11
246,79,9,11323583,10000000,1,4,4,4866050,-3
941,171,15,13391212,11764706,1,6,4,12524801,2
190,244,20,13096873,12201371,0,1,4,11787186,0
450,360,10,36000000,36000000,0,4,4,25200000,2
4034,74,10,8510000,7400000,1,5,4,7233500,6
598,400,16,28750000,25000000,0,6,4,28750000,3
1801,360,15,24000000,24000000,1,10,5,16200000,2
150,46,17,3112500,2775000,0,3,5,3594938,4
2864,2864,30,109786590,95466600,1,13,5,98807931,2
22434,1145,19,69287500,60250000,0,7,5,85570063,6
132,63,10,6282774,6250000,1,4,5,4397942,6
805,81,38,2438000,2120000,1,3,5,,8
613,88,18,4867000,4867000,0,4,5,6132420,4
406,48,6,9200000,8000000,1,8,5,3864000,31
2015,245,14,20125000,17500000,0,3,5,18313750,-4
1044,546,21,29900000,26000000,1,10,5,37674000,4
41,17,6,3335000,2900000,0,2,5,1450725,5
353,350,20,20125000,17500000,0,5,5,24150000,3
1291,588,14,48300000,42000000,1,13,5,40572000,14
2933,441,21,24150000,21000000,1,8,5,29161125,8
2618,783,27,33350000,29000000,1,7,5,45022500,4
676,250,20,14375000,12500000,0,7,5,18687500,10
286,77,12,6400000,6400000,1,4,5,5376000,4
312,135,14,11500000,10000000,0,4,5,10867500,4
320,56,11,5657495,5006495,0,2,5,392376,0
320,151,11,13454545,13454545,0,2,5,760854,0
321,119,17,7875000,7000000,0,5,5,9371250,4
226,60,10,6823000,6000000,1,4,5,4776100,6
507,274,11,29785764,26087000,0,5,5,19548397,9
225,114,14,8170000,8170000,0,4,5,8006600,3
113,113,15,7500000,7500000,0,4,5,7875000,6
161,140,10,16000000,16000000,1,5,6,8977150,-7
1130,383,17,25875000,22500000,1,4,6,29497500,9
157,72,9,8485750,8000000,0,2,6,5346023,3
404,90,18,5750000,5000000,1,3,6,7245000,3
405,246,14,20240000,17600000,0,6,6,19835200,3
607,240,24,11500000,10000000,0,5,6,19320000,5
2177,73,15,5000000,5000000,1,2,6,5075000,6
347,120,12,10650000,10000000,0,5,6,8946000,7
1063,441,15,33781250,29375000,1,10,6,30403125,3
1275,1275,20,69750000,63750000,1,4,6,62775000,2
163,233,16,17250000,15000000,0,8,6,18716250,5
617,204,17,13800000,12000000,1,8,6,16422000,9
679,252,22,13478000,11720000,0,11,6,17790960,10
331,65,13,5750000,5000000,0,3,6,5232500,6
3399,150,14,12472884,10845986,1,5,6,3450000,12
31,43,21,2100000,2100000,0,3,6,3013500,-2
269,203,15,14462000,13500000,0,6,6,15185100,6
473,94,15,7187500,6250000,0,4,6,7546875,4
1161,192,10,22103000,19220000,1,9,6,13814375,8
410,405,15,31050000,27000000,0,5,6,28350000,7
1110,233,14,19789180,17250000,1,10,6,16696131,4
367,73,11,7659000,6660000,0,5,6,5476185,0
24,15,8,2156250,1875000,0,2,6,1250625,13
352,304,16,21850000,19000000,0,6,6,21850000,5
1120,186,16,13340000,11600000,1,15,6,14620640,9
1934,46,12,4600000,4000000,1,2,6,2849700,14
538,88,18,5750000,5000000,0,5,6,7043750,14
1789,50,8,6900000,6000000,1,6,6,3984750,1
329,56,8,8050000,7000000,1,6,6,4508000,15
3998,370,10,42550000,37000000,1,7,6,29785000,6
15456,3786,30,145130000,126200000,1,33,6,157828875,4
6300,630,18,35000000,35000000,1,17,6,26145000,6
1401,263,14,21562500,18750000,1,6,6,19621875,9
5156,258,17,18050097,15164795,0,2,6,10739808,4
66,20,8,2701590,2600000,0,3,7,1418335,1
125,71,15,5405000,4700000,0,3,7,5675250,8
1557,237,23,12102600,10524000,1,7,7,19061595,9
144,34,8,4400000,4400000,0,1,7,,5
1315,460,21,23439893,22447728,1,16,7,28831068,
23,40,20,2300000,2000000,0,3,7,3220000,1
1478,234,19,14145000,12300000,1,4,7,18812850,
4838,195,15,14950000,13000000,1,6,7,15697500,25
306,106,20,5300000,5300000,0,3,7,7420000,15
247,75,12,7187500,6250000,1,4,7,6037500,7
613,533,26,23575000,20500000,0,14,7,33712250,4
487,165,16,11845000,10300000,1,5,7,13266400,6
172,72,12,6900000,6000000,0,2,7,5796000,6
1416,365,12,34960000,30400000,1,10,7,24122400,7
156,42,7,6000000,6000000,1,4,7,2940000,13
862,156,12,14950000,13000000,1,3,7,12558000,10
66,26,12,2127500,2127500,0,1,7,1787100,6
398,217,17,14513889,12794067,0,3,7,17271528,15
185,100,11,10465000,9100000,0,4,7,8058050,6
305,65,13,5750000,5000000,0,5,7,5232500,14
340,65,8,9313596,8098779,0,4,8,5215614,7
285,70,14,5000000,5000000,1,2,8,4900000,9
337,85,10,9775000,8500000,1,5,8,6842500,8
392,189,13,16675000,14500000,0,5,8,15174250,9
459,98,13,8625000,7500000,0,4,8,7848750,0
229,88,11,9198962,7999098,0,6,8,7083201,9
2500,600,25,27600000,24000000,1,11,8,39675000,7
236,92,12,7666667,7666667,0,4,8,6440000,5
419,122,13,10781250,9375000,0,6,8,9810938,18
19624,98,19,5810300,5300000,0,3,8,7524339,2
1812,44,8,6325000,5500000,1,4,8,3542000,4
967,244,13,20425818,18750000,1,6,8,14752630,11
244,195,20,11500000,10000000,0,9,8,15136875,
214,171,6,32775000,28500000,0,1,8,13765500,4
243,100,12,9583333,8333333,1,4,8,8050000,11
1080,120,12,11500000,10000000,1,6,8,9660000,13
3312,281,26,12650000,11000000,1,8,8,20160305,7
384,188,15,12500000,12500000,0,6,9,12187500,0
593,130,13,11500000,10000000,1,4,9,10465000,39
900,676,23,33044000,30040000,1,6,9,38160134,13
837,175,18,11183750,9725000,1,6,9,10020640,17
2535,803,27,34825470,30283020,1,9,9,50758123,6
910,193,22,10062500,8750000,1,9,9,13282500,10
59,52,12,4500000,4500000,0,2,9,3622500,9
50,28,10,2750000,2750000,0,1,9,1375000,3
238,162,19,9775000,8500000,0,3,9,13000750,12
1600,494,25,22525095,19838300,1,5,9,12549646,0
3328,1432,26,63345834,55083334,1,15,9,82349584,13
331,109,13,10000000,8700000,0,4,9,8750000,1
27,7,5,1610000,1400000,0,1,9,644000,5
240,75,12,6250000,6250000,0,4,9,5250000,-1
1144,500,20,28750000,25000000,1,11,9,34500000,6
1226,20,5,4000000,4000000,1,3,9,1400000,0
913,232,16,16692250,14515000,1,6,9,17627016,7
92,33,11,3450000,3000000,1,3,9,2656500,11
12995,258,18,16565758,14721212,0,1,9,8661679,4
208,48,13,3800000,3800000,0,5,9,3325000,15
530,120,12,10000000,10000000,0,4,9,7000000,0
85,18,7,2875000,2500000,0,3,9,1408750,6
2314,48,6,9200000,8000000,1,3,9,3864000,11
194,63,15,4830000,4200000,0,4,9,5071500,12
711,155,9,19833516,17246536,0,6,9,10263845,17
168,54,14,3850000,3850000,0,4,10,3773000,11
520,270,23,13800000,12000000,0,9,10,18630000,12
1399,360,16,25875000,22500000,1,8,10,24840000,10
15573,3025,28,126500000,110000000,1,15,10,133331000,8
647,85,16,5300000,5300000,1,5,10,5936000,5
252,95,21,5175000,4500000,0,5,10,6927773,10
1638,379,20,21789470,18947366,1,12,10,27236838,8
3216,470,30,17223230,15657482,1,12,10,27126587,9
4936,159,16,11614955,10100000,1,2,10,5711337,10
860,114,19,6900000,6000000,1,6,10,9177000,14
1774,400,16,28750000,25000000,1,7,10,27600000,5
224,135,15,10531200,9288000,0,3,10,10300672,7
384,50,10,5750000,5000000,0,3,10,4025000,12
359,45,10,5175000,4500000,1,3,10,3622500,5
802,151,13,13933720,12116279,1,6,10,12192005,10
80,137,21,7475000,6500000,0,5,10,10390250,9
3538,648,15,49680000,43200000,1,11,10,44712000,8
10936,108,8,14294226,13500000,0,4,11,8004767,0
814,160,16,11500000,10000000,1,7,11,11960000,3
7154,716,21,39215000,34100000,1,9,11,47352113,10
278,107,17,7475000,6500000,0,4,11,11586250,10
1065,58,10,6612500,5750000,1,4,11,4628750,22
568,175,14,12500000,12500000,0,4,11,12250000,20
376,194,22,10350000,9000000,0,6,11,14179500,10
349,121,11,12650000,11000000,0,7,11,9740500,10
347,87,15,6635500,5770000,1,5,11,6967275,20
139,2,4,550000,550000,0,1,11,192500,7
297,50,10,5000000,5000000,1,2,11,3500000,10
1582,300,12,27656050,25000000,1,11,11,19082675,0
53,20,5,4000000,4000000,1,2,11,1400000,26
175,60,12,5750000,5000000,1,4,11,4830000,5
7917,125,10,14375000,12500000,1,5,11,10062500,8
256,75,14,6392083,5558333,1,4,11,6040518,4
247,57,8,8125962,7066054,1,3,11,4550539,6
243,104,12,8695652,8695652,0,4,11,7304348,3
834,240,12,24020173,20887107,1,7,11,17265700,10
202,55,10,6325000,5500000,0,5,11,4427500,14
277,63,9,8050000,7000000,1,8,11,5071500,12
452,155,17,10460488,9096077,0,6,11,12447981,10
1030,201,14,16790000,14600000,0,4,12,16219140,28
1544,259,15,19837500,17250000,1,5,12,20829375,9
562,138,22,7304985,6450000,0,4,12,8521351,3
504,72,12,6900000,6000000,0,6,12,5796000,16
1813,227,15,17968700,15625000,0,4,12,18238231,21
6650,140,11,14682625,12767500,1,5,12,11305621,19
1168,307,16,22080000,19200000,1,7,12,24729600,8
133,45,9,5750000,5000000,1,4,12,3622500,13
1001,1679,25,78787838,68511164,1,6,12,17698900,7
58,28,11,2500000,2500000,0,2,12,1925000,14
846,98,16,7072500,6150000,1,4,12,7921200,13
282,116,21,6325000,5500000,0,5,12,8633625,10
167,145,15,11500000,10000000,0,4,12,11672500,11
1046,374,22,19550000,17000000,1,5,12,26881250,12
212,21,21,1150000,1000000,0,2,12,1650250,17
396,95,9,12178500,10590000,1,5,12,7946471,16
723,163,16,11730000,10200000,0,3,12,13137600,11
386,204,13,18016666,15666666,0,6,12,14638541,8
131,49,12,4711198,4096694,0,4,13,3957406,15
800,448,16,32200000,28000000,1,6,13,32200000,12
92,52,12,4945000,4300000,1,3,13,4153800,15
446,124,16,9200000,8000000,0,5,13,9982000,10
27,13,6,2523900,2200000,0,2,13,1231663,2
2974,339,29,13455000,11700000,1,18,13,26338163,12
353,353,21,19320000,16800000,0,11,13,23328900,11
495,127,12,10600000,10600000,1,4,13,8904000,2
465,114,19,6900000,6000000,0,6,13,9177000,7
4009,912,16,67389939,58810326,0,6,13,1625000,24
4009,912,16,67389939,58810326,0,6,13,66270364,24
534,234,18,14950000,13000000,0,5,13,16146000,16
379,234,18,14950000,13000000,0,7,13,18837000,19
74,130,13,11000000,10000000,0,4,13,9295000,13
269,66,11,6900000,6000000,0,4,13,5313000,14
88,136,22,7000000,6100000,0,5,13,10290000,15
374,91,12,8711250,7575000,1,8,13,7317450,16
45,15,6,2500000,2500000,0,2,14,1050000,6
3465,1386,21,75900000,66000000,1,10,14,81691170,13
740,114,13,10112419,8793408,1,8,14,9202301,22
77,101,20,5750000,5000000,0,6,14,7705000,12
123,21,11,1950000,1950000,0,2,14,1501500,14
255,54,8,7820000,6800000,1,4,14,4379200,14
741,137,65,2415000,2100000,0,3,14,8241188,4
844,265,13,23431539,20375252,1,11,14,19038125,8
508,98,7,16100000,14000000,0,4,14,7889000,3
440,91,13,8050000,7000000,1,4,14,7325500,21
474,77,17,5175000,4500000,1,4,14,6158250,9
1040,420,16,30223500,26250000,1,5,14,30223500,12
601,170,17,11500000,10000000,1,5,14,13685000,13
440,77,14,6325000,5500000,1,6,14,6198500,6
125,54,11,5922500,5150000,0,4,14,4353038,14
334,124,14,10147058,8823529,0,5,14,9944117,14
1846,254,8,36570000,31800000,1,7,14,20479200,
343,90,17,6060707,5270180,1,4,14,7212241,18
711,141,19,7612500,7612500,1,1,15,2816625,17
404,263,21,14375000,12500000,0,9,15,17810625,15
4477,672,23,33350000,29000000,1,11,15,46346495,17
124,123,15,9430000,8200000,0,5,15,9901500,12
39350,474,16,65337999,60772782,1,6,15,5848162,4
170,23,6,3600000,3600000,0,1,15,1509300,-6
160,48,10,5750000,5000000,1,5,15,3823750,8
2135,335,22,17050000,15500000,1,4,15,18168150,18
5071,1385,23,69261365,60227274,1,12,15,71685513,7
2890,494,14,40588236,35294118,1,9,15,31252942,13
464,191,17,12937500,11250000,0,7,15,13471172,15
257,257,18,16445000,14300000,0,6,15,20720700,16
283,58,14,4772500,4150000,0,2,15,4677050,11
368,320,20,18400000,16000000,0,9,15,23000000,16
928,230,21,12597756,10954570,1,5,15,18518701,16
1952,703,20,40422500,35150000,1,6,15,49719675,9
2170,298,17,20125000,17500000,1,15,15,19672188,11
85,83,44,2180188,1896442,0,1,15,6714979,15
407,127,17,8585624,7465761,1,5,15,10216893,18
393,80,17,5405000,4700000,1,3,15,6431950,42
7210,54,11,5750000,5000000,1,6,15,4062663,12
320,273,21,14950000,13000000,0,9,15,19621875,12
273,77,10,8840466,7687362,1,4,16,6188326,23
643,106,19,6388888,5555555,0,5,16,8497221,16
353,54,13,4791667,4166667,1,6,16,4360417,17
1085,100,12,9583333,8333333,1,7,16,8050000,13
173,46,8,7475000,6500000,1,3,16,2656500,9
450,215,22,11500000,10000000,0,7,16,15082250,11
156,72,21,3852500,3350000,0,4,16,5358828,12
605,184,20,10580000,9200000,0,5,16,14812000,13
313,88,14,7245000,6300000,1,4,16,7100100,17
173,50,17,3000000,3000000,0,2,16,3465000,11
327,88,10,10085500,8770000,0,6,16,7059850,18
298,100,10,10000000,10000000,1,4,16,7000000,18
648,132,22,6900000,6000000,0,7,16,10056750,16
951,950,25,43700000,38000000,1,16,16,55936000,12
399,315,21,17250000,15000000,0,9,16,23546250,24
150,62,14,4400000,4400000,1,2,16,4312000,19
406,163,9,22059091,19181818,0,7,16,13125159,18
552,127,12,12650000,11000000,1,7,17,10183250,17
1150,506,12,47264000,42200000,1,8,17,34030080,14
219,110,25,5175000,4500000,0,5,17,8875125,18
284,75,11,7848750,6825000,0,4,17,6043538,19
330,135,15,10350000,9000000,0,5,17,10867500,18
762,200,16,14375000,12500000,1,5,17,16100000,24
130,30,8,4370000,3800000,0,2,17,2447200,10
8609,32,8,4000000,4000000,1,3,17,2240000,-7
232,59,9,7475000,6500000,1,4,17,4709250,22
143,48,12,4600000,4000000,1,4,17,3864000,18
184,45,8,6900000,6000000,1,3,17,3622500,20
409,115,16,7200000,7200000,0,3,18,8064000,24
414,360,18,23000000,20000000,0,4,18,27945000,8
1209,226,22,11797419,10258625,1,5,18,18168025,25
234,47,9,6285825,5500000,1,4,18,3740066,15
476,120,12,11518320,10015930,1,4,18,9675389,23
2051,238,17,16100000,14000000,1,8,18,17106250,15
2241,500,17,33823800,29412000,1,11,18,31625253,16
3351,473,22,24725000,21500000,1,7,18,32637000,15
44,15,6,2450000,2450000,0,1,18,1298500,38
477,203,14,16675000,14500000,0,5,18,16341500,5
1165,75,15,5750000,5000000,1,4,18,6037500,22
1345,176,11,18393690,16000000,1,10,18,12139835,23
238,91,10,10465000,9100000,0,4,18,7325500,15
4729,26,7,3750000,3750000,1,2,18,1837500,8
167,55,11,5750000,5000000,1,3,18,4427500,20
256,52,14,4424000,3847000,0,3,19,4180680,15
129,35,7,5750000,5000000,0,3,19,2817500,23
145,42,7,6900000,6000000,1,3,19,3381000,25
700,248,18,15870000,13800000,0,5,19,19996200,23
31,91,13,8050000,7000000,0,2,19,7325500,
1000,160,16,11500000,10000000,1,6,19,12880000,18
166,75,6,14375000,12500000,0,4,19,5390625,25
364,195,15,15475000,13456522,0,4,19,15707125,21
642,183,19,11385000,9900000,1,6,19,14743575,19
128,45,6,8443562,7500000,1,4,19,3546296,11
342,107,16,7666667,6666667,1,5,19,8586667,26
630,125,17,8433333,7333333,0,4,19,10035666,20
6671,1850,19,115000000,100000000,1,12,19,78688750,20
211,423,15,32395000,28170000,0,8,19,29155500,11
244,164,36,5241758,4558050,0,5,19,13209230,23
487,83,22,3750000,3750000,0,2,19,5362500,18
247,71,8,10925000,9500000,0,3,19,5735625,20
1400,270,14,23000000,20000000,0,6,19,21735000,19
892,170,17,11500000,10000000,1,5,20,13685000,20
1580,380,19,23000000,20000000,1,5,20,28520000,10
1693,426,18,27236842,23684211,1,11,20,28190131,17
678,68,17,4600000,4000000,0,4,20,5474000,15
593,150,12,14395708,12518008,0,5,20,12092395,19
898,203,17,13704120,11916626,1,5,20,16307903,23
176,63,16,3960000,3960000,0,3,20,4435200,8
764,288,23,14375000,12500000,1,5,20,2067125,22
230,150,20,7500000,7500000,0,4,21,9750000,16
38,14,7,2300000,2000000,0,17,21,1288000,16
7200,375,18,116396305,93952176,0,3,21,756315,20
5605,136,20,8050000,7000000,1,4,21,9360942,9
930,360,22,18831250,16375000,1,13,21,22785813,17
31,86,22,4600000,4000000,0,5,21,6440000,12
3341,334,16,23718750,20625000,0,3,21,26897063,16
374,107,15,8222500,7150000,1,4,21,8633625,12
2146,346,14,27180328,24709389,1,3,21,19569836,24
655,119,10,13731153,11940133,0,6,21,9611807,
12861,700,20,40250000,35000000,1,14,21,48300000,30
1673,309,15,23430000,21300000,1,7,21,20548110,24
290,140,14,11500000,10000000,0,5,21,2254000,15
381,98,14,8050000,7000000,1,3,21,7889000,23
257,59,13,5232500,4550000,1,4,21,4761575,23
900,455,17,30762500,26750000,1,4,22,33992563,17
406,81,9,10350000,9000000,0,6,22,6520500,13
1276,128,10,15444500,13430000,1,3,22,10270593,28
1183,209,23,10454535,9090900,1,5,22,16831801,15
253,253,22,13512500,11750000,0,7,22,18647250,23
296,98,14,8050000,7000000,1,4,22,7889000,34
5444,2399,39,66134989,61520912,1,10,22,119935803,15
795,165,15,12650000,11000000,1,7,22,13282500,9
289,210,11,23000000,20000000,1,3,22,16905000,25
232,67,14,5520000,4800000,1,2,22,5409600,21
171,52,12,5175000,4500000,1,3,22,4165875,16
661,108,12,10350000,9000000,0,6,22,8694000,26
1396,319,11,29500000,29000000,0,4,22,19470000,-3
988,1728,36,55200000,48000000,1,13,22,91411200,16
229,64,8,9200000,8000000,0,3,23,5152000,12
14035,188,16,13526773,11762413,0,4,23,15691057,49
120,22,12,1914000,1914000,0,2,23,1540770,23
15927,1150,23,57500000,50000000,1,8,23,62157500,24
1274,314,11,32857142,28571428,1,8,23,10842857,15
870,381,22,19895000,17300000,1,8,23,26261400,24
168,74,17,4983334,4333334,0,3,23,5930167,23
325,70,14,5750000,5000000,1,3,23,5635000,23
467,84,14,6900000,6000000,1,4,23,6762000,19
430,92,16,6612500,5750000,1,5,24,7406000,26
236,54,6,10315151,8969697,1,6,24,4332363,30
3592,638,26,28209500,24530000,0,13,24,44006820,27
272,95,14,7820000,6800000,1,4,24,7663600,14
252,78,16,5750000,5000000,0,3,24,6238750,26
1393,151,17,10235000,8900000,1,10,24,12179650,29
3288,225,15,17250000,15000000,0,4,24,18112500,17
604,161,15,12777778,11111111,1,6,24,12969445,14
798,798,21,42000000,38000000,1,13,24,48510000,24
1827,495,18,31625000,27500000,1,5,24,34155000,37
412,147,21,8050000,7000000,0,9,25,10777340,23
7580,94,11,9775000,8500000,0,3,25,7526750,29
1315,605,22,31625000,27500000,1,8,25,41745000,16
223,166,35,5463730,4751070,0,5,25,13386139,20
538,195,19,11787500,10250000,0,5,25,15677375,30
271,111,13,8500000,8500000,0,3,25,7735000,18
270,140,14,11500000,10000000,0,5,25,11270000,21
464,102,17,6900000,6000000,1,5,25,8211000,35
2516,360,18,23000000,20000000,1,13,25,24840000,27
796,224,20,12763708,11202708,1,5,25,16592820,24
2850,473,17,32016000,27840000,1,12,25,32656320,29
223,65,17,4416000,3840000,1,3,25,5255040,43
4816,378,22,19758150,17181000,1,13,25,21733965,26
59,87,12,8381320,7289315,1,4,26,6617890,20
553,117,13,10346135,9000000,0,6,26,8918000,4
853,312,13,27600000,24000000,1,15,26,21528000,20
224,66,15,5044801,4386784,1,5,26,5297041,27
301,108,22,5750000,5000000,0,4,26,7877500,20
582,99,15,7590000,6600000,0,4,26,6375600,15
496,120,15,9200000,8000000,0,4,26,9660000,22
111,45,18,2500000,2500000,0,3,26,3150000,18
140,123,21,6735808,5857224,0,5,26,9901638,23
229,176,13,15525000,13500000,0,5,26,14127750,23
307,80,20,4000000,4000000,1,4,26,5600000,31
585,133,17,8984375,7812500,0,5,26,10691406,29
459,129,19,7780252,6765437,0,4,26,10347735,29
1811,292,23,14576250,12675000,1,7,26,20953359,19
396,103,17,6075000,6075000,0,3,26,7229250,31
491,102,17,6900000,6000000,1,4,27,8211000,23
134,78,13,7187500,6250000,0,3,27,6289063,28
2485,342,19,20700000,18000000,1,4,27,23963520,13
140,40,13,3565000,3100000,1,2,27,3244150,29
23054,1666,85,22534678,19605052,1,28,27,53720419,27
426,90,14,7410714,6444100,1,5,27,7262500,29
2488,1876,22,97995750,85250000,1,7,27,86236260,21
160,49,7,8050000,7000000,1,4,27,3944500,24
1941,225,15,17250000,15000000,0,4,27,18112500,27
645,200,16,14375000,12500000,0,3,28,16100000,38
462,203,15,16100000,14000000,0,6,28,15174250,9
120,30,6,5750000,5000000,1,4,28,2415000,0
198,51,8,6422450,6422450,1,3,28,3596572,46
827,88,11,9200000,8000000,1,4,28,7084000,31
521,91,14,7762500,6750000,1,5,28,7335563,27
267,67,15,5152000,4480000,1,3,28,5409600,47
119,56,18,3593750,3125000,0,3,28,4528125,36
414,123,10,13995000,12300000,0,6,29,9096750,16
296,116,18,7590000,6600000,0,3,29,9297750,18
347,81,14,6634615,5769231,0,6,29,6501923,23
822,98,14,8050000,7000000,1,4,29,7889000,30
559,103,24,4945000,4300000,1,5,29,8307600,44
79,45,20,2651900,2306000,0,3,29,3341394,29
151,42,12,4025000,3500000,1,3,29,3381000,38
742,338,18,21562500,18750000,0,7,29,26198438,17
249,102,17,6900000,6000000,0,3,29,8211000,23
836,307,23,13627500,13627500,1,4,29,15697125,36
681,48,16,3450000,3000000,0,3,29,3864000,39
323,84,12,8050000,7000000,1,4,29,6762000,8
450,79,14,6670000,5800000,1,4,29,5556110,29
982,220,22,11500000,10000000,1,7,30,15812500,29
163,55,11,5000000,5000000,1,3,30,3850000,41
210,55,10,6325000,5500000,1,4,30,4427500,11
704,120,16,7500000,7500000,1,6,30,8400000,
193,57,10,6900000,6000000,0,4,30,4588500,16
1239,190,20,10952600,9524000,1,4,30,14053614,20
2175,90,13,7935000,6900000,1,4,30,7220850,32
2530,412,24,20010000,17400000,1,5,30,22848210,23
1039,198,18,12621250,10975000,1,5,30,15902775,
1362,106,15,8093964,7038230,1,5,30,8923595,24
1182,561,19,33925000,29500000,1,7,30,41897375,19
685,197,18,12578125,10937500,0,5,31,15848438,29
1442,416,26,18397500,15997500,1,5,31,31091775,36
2886,110,12,10350000,9000000,1,3,31,8875125,20
21,15,8,1875000,1875000,0,1,31,1200000,28
18750,35,20,1750000,1750000,1,29,31,1575000,29
129,156,19,9169664,8187200,0,4,31,9784595,26
33,12,4,3450000,3000000,0,1,31,1207500,5
18,9,5,1960750,1705000,0,2,31,980375,38
343,107,15,8214285,7142857,0,4,32,8624999,28
436,49,14,4025000,3500000,1,3,32,3944500,25
66,51,17,3000000,3000000,1,3,32,3570000,33
407,119,9,16100000,14000000,0,6,32,9579500,16
348,94,16,6727500,5850000,1,6,32,7534800,56
651,154,10,17710000,15400000,0,5,32,11068750,12
898,107,15,8200000,7150000,1,5,32,8610000,40
391,150,20,8604300,7482000,1,5,33,12046020,18
174,63,9,8050000,7000000,0,5,33,5071500,31
392,75,10,9085000,7900000,0,5,33,6041525,28
514,138,14,9847129,9847129,0,4,33,9650186,18
58,51,13,3900000,3900000,0,5,33,3549000,26
350,94,13,8625000,7500000,1,3,33,7546875,22
402,208,21,9900000,9900000,0,6,33,14033250,29
525,126,12,12075000,10500000,0,6,33,10143000,3
247,75,15,5750000,5000000,1,6,33,6037500,27
378,108,18,6900000,6000000,1,3,33,8694000,32
1228,240,15,18400000,16000000,1,5,33,19320000,35
598,92,8,13225000,11500000,1,5,33,7141500,47
709,161,12,15455540,13439600,0,6,33,12982654,25
529,79,12,7612602,6619654,1,5,34,6394586,28
1083,325,25,14950000,13000000,1,7,34,24293750,15
836,267,19,16171875,14062500,1,4,34,21508594,31
122,50,5,10449250,10000000,0,4,34,3657238,15
8162,1304,25,57391493,52174088,1,5,34,71739366,40
165,35,7,6152500,5350000,1,4,34,2799388,23
887,124,24,5938982,5164332,1,6,34,9977490,39
3676,1080,27,46000000,40000000,1,14,34,58995000,24
47,22,8,2750000,2750000,0,3,34,1540000,-8
441,120,16,8625000,7500000,0,5,34,8280000,36
1631,370,19,23000000,20000000,1,4,34,19658100,0
1295,156,20,8984375,7812500,1,5,35,12128906,33
492,98,13,8625000,7500000,1,4,35,7848750,40
6589,141,13,10833334,10833334,1,4,35,10280834,28
2293,68,9,8625000,7500000,1,3,35,5433750,16
289,82,12,7820000,6800000,1,5,35,6568800,30
321,114,17,7705000,6700000,1,6,35,9168950,41
360,79,18,5060000,4400000,1,3,35,6375600,45
693,170,17,11500000,10000000,0,3,35,12863900,27
109,112,23,5750000,5000000,1,4,35,7406000,33
60162,5470,50,109400000,109400000,1,6,35,153160000,50
269,94,14,7705000,6700000,1,4,36,7550900,31
452,87,17,6095000,5300000,1,5,36,7039725,55
2836,260,42,7130000,6200000,1,7,36,20962200,23
207,76,13,6708332,5833333,0,5,36,6104582,22
414,93,14,7647417,6649928,1,5,36,7494469,44
249,63,10,7187500,6250000,1,6,36,5031250,30
3816,944,20,54280000,47200000,1,7,36,54280000,21
750,112,10,12880000,11200000,1,5,37,9016000,31
372,93,25,4255000,3700000,1,4,37,7446250,49
12776,2160,30,72000000,72000000,1,8,37,76500000,36
263,54,9,6900000,6000000,1,4,37,4347000,26
568,154,21,8625000,7500000,0,5,37,12376875,27
290,55,11,5750000,5000000,1,5,37,4427500,
328,101,12,9660000,8400000,0,4,38,8114400,29
212,45,10,4500000,4500000,1,3,38,3150000,28
403,156,13,14375000,12500000,1,8,38,12578125,35
20202,4,8,580000,580000,0,1,38,304500,1
275,67,10,7666667,6666667,1,5,38,8586667,33
290,80,16,5750000,5000000,0,5,38,5912479,40
11781,871,21,47684999,41465217,0,4,39,7640568,37
1128,16,9,2083010,1811313,1,7,39,1312296,63
541,224,16,16100000,14000000,1,6,39,18032000,37
1447,400,20,22942500,20000000,1,6,39,28448700,25
445,179,21,9775000,8500000,0,5,39,14369250,15
1265,210,19,12732800,11072000,1,4,39,16934624,33
2202,1249,17,84506788,73484164,1,5,39,54591385,26
22066,129,11,13504286,11742857,1,4,39,10398300,46
682,114,12,10906941,9484296,1,6,39,9161830,40
17,6,6,1150000,1000000,0,6,40,655500,31
1077,139,18,8855000,7700000,1,4,40,13685000,51
2464,423,19,25587500,22250000,1,14,40,31600563,49
137,44,7,6250000,6250000,0,3,40,3062500,14
237,83,16,5905000,5200000,1,4,41,6613600,36
64,32,8,4600000,4000000,0,7,41,2576000,27
981,121,18,7935000,6900000,1,3,41,9720375,41
1272,338,18,21596845,18779865,1,5,41,23324593,46
288,106,17,7187500,6250000,0,4,41,8553125,36
569,120,16,8625000,7500000,0,4,41,9660000,32
6670,185,14,15167326,13188979,0,3,41,14863979,32
874,160,19,9695000,8430435,1,5,41,12894350,30
165,75,15,5750000,5000000,0,4,42,6037500,27
182,225,18,14375000,12500000,0,5,42,17109540,49
985,133,13,11730000,10200000,1,5,42,10674300,81
47,49,14,3500000,3500000,1,3,42,3430000,19
1133,170,17,11200000,10000000,1,4,42,10948000,41
1125,320,15,24564000,21360000,1,12,42,25792200,
595,75,8,11500000,10000000,1,6,42,6037500,15
455,396,15,30337000,26380000,0,4,42,27303300,37
366,113,18,7187500,6250000,0,5,42,9056250,57
1547,161,26,7130000,6200000,1,4,42,10659350,51
2395,960,32,34500000,30000000,1,5,43,66240000,53
96,83,21,4542500,3950000,0,6,43,6677475,22
293,159,18,10474669,9108408,0,4,43,12831470,29
453,98,26,4312500,3750000,1,4,43,7848750,23
558,77,17,5175000,4500000,0,6,43,6158250,29
47,8,8,1000000,1000000,1,2,43,675000,32
2165,210,18,13397500,11650000,1,8,44,16880850,38
50,20,8,2875000,2500000,0,2,44,1897500,61
2944,812,28,33350000,29000000,1,12,44,53693500,39
2155,216,27,9200000,8000000,1,6,44,17388000,43
432,60,20,3450000,3000000,1,4,45,4830000,
7,10,10,1050000,1000000,0,1,45,787500,45
398,90,18,5000000,5000000,1,5,45,6300000,39
653,115,13,10177500,8850000,1,5,46,9261525,34
387,62,14,5292930,4602547,1,3,46,5001819,1
283,110,11,11500000,10000000,1,5,46,8855000,52
606,137,13,12075000,10500000,1,6,46,11208015,40
940,288,18,18399998,16000000,1,4,47,23183997,63
686,213,16,15295000,13300000,0,7,47,17130400,34
8061,76,10,9200000,8000000,1,2,47,6118000,7
254,58,12,5750000,5000000,0,4,47,4628750,48
141,41,10,4717450,4103000,0,1,47,3302215,30
259,119,19,7187500,6250000,0,4,47,9559375,36
176,67,10,7667050,6667000,1,3,48,5366935,42
1390,119,16,8855000,7700000,1,3,48,9607675,66
252,252,18,16100000,14000000,0,12,48,20286000,39
1056,290,22,15151250,13175000,1,7,49,23332925,46
146,18,4,4500000,4500000,0,1,49,1260000,80
19368,247,18,15755000,13700000,1,4,49,19851300,90
474,127,12,12190000,10600000,1,4,50,10239600,39
4469,189,16,13570000,11800000,0,5,51,15198400,60
129,44,13,3910000,3400000,1,3,51,3558100,57
708,149,17,10350000,9000000,1,5,52,11954250,52
282,83,15,6325000,5500000,1,4,52,6641250,46
434,105,21,5750000,5000000,1,3,52,8452500,108
89,30,10,3450000,3000000,1,3,53,2415000,97
147,35,10,3798000,3500000,1,3,53,2658600,12
379,68,14,5750000,5000000,0,4,53,5433750,35
2293,48,14,3910000,3400000,1,3,54,3831800,-13
356,90,18,5750000,5000000,1,3,54,7245000,46
44,2,3,525000,525000,0,1,54,173250,72
449,89,17,6037500,5250000,1,5,54,7184625,49
3338,60,12,5750000,5000000,1,3,54,4830000,81
740,170,17,11500000,10000000,0,6,54,13685000,67
685,135,11,14145000,12300000,1,6,55,10891650,36
1640,120,16,8625000,7500000,1,4,56,9660000,21
330,100,13,8846154,7692308,1,3,58,8050000,53
490,108,18,6900000,6000000,1,6,58,8694000,39
461,88,16,6325000,5500000,1,6,58,7084000,69
265,78,17,5290000,4600000,0,3,59,6295100,44
433,107,16,6700000,6700000,1,5,60,7504000,84
8197,135,15,10350000,9000000,1,5,60,10867500,47
223,77,16,5520000,4800000,1,3,61,6182400,44
328,158,27,6746667,5866667,1,4,62,12751201,67
304,70,14,5750000,5000000,1,4,62,5747700,60
362,77,21,4301000,3740000,1,3,62,6171935,39
258,83,11,8625000,7500000,1,5,63,6641250,27
630,156,12,14950000,13000000,0,4,63,12558000,84
104,31,8,3750000,3750000,0,3,63,2639250,23
3022,3022,19,186029375,161764700,1,11,63,50236824,23
164,32,8,4600000,4000000,1,3,64,2576000,30
942,163,17,11057692,9615384,1,7,64,13158653,60
368,109,20,6264473,5447368,0,6,64,8770262,50
142,40,8,5750000,5000000,1,4,65,3220000,3
158,26,7,4000000,4000000,0,2,65,1300000,46
10271,690,29,27380953,23809524,1,7,67,49627977,69
3344,100,20,5750000,5000000,1,3,68,8050000,124
552,69,20,3981300,3462000,1,5,68,5573820,66
341,94,20,4687500,4687500,0,6,69,6580000,80
1303,118,24,7150000,6500000,1,5,69,8776350,54
6233,272,16,17000000,17000000,1,5,69,18115200,
5349,84,14,6970127,6060980,1,4,69,6781934,97
199,29,9,3795000,3300000,1,3,69,2130030,69
1427,252,14,20700000,18000000,1,3,70,15561000,98
282,59,15,4600000,4000000,1,3,70,4076520,79
7146,110,15,8625000,7500000,1,3,70,7806488,59
529,113,15,8625000,7500000,0,3,71,9056250,44
608,328,18,20930000,18200000,0,8,72,26371800,67
2097,104,23,5137500,4500000,1,3,74,8271375,54
648,176,16,12650000,11000000,0,5,74,14168000,68
889,126,18,8064000,7200000,1,5,74,8128512,121
395,120,16,8625000,7500000,1,5,75,9660000,101
1526,120,10,13800000,12000000,1,4,75,9660000,48
1701,83,17,5750000,5000000,1,4,76,6641250,52
310,60,12,5750000,5000000,1,3,77,4830000,66
11,76,18,4700000,4200000,1,3,78,5922000,87
371,69,16,4945000,4300000,1,4,78,5538400,76
4101,88,16,6325000,5500000,1,3,79,7084000,123
1020,154,18,8539648,8539648,1,5,82,10759956,78
301,158,13,13942600,12124000,1,5,82,12687766,101
789,289,18,18488762,16077185,1,4,83,14975897,76
66,63,21,3450000,3000000,0,4,84,5071500,83
1081,182,13,16100000,14000000,1,5,85,14651000,94
319,56,14,4600000,4000000,1,3,86,4508000,106
968,198,22,10350000,9000000,1,4,89,14800500,159
322,86,10,10090321,8800000,1,4,90,6886644,72
1921,48,12,4600000,4000000,1,3,91,3864000,98
4305,353,45,9016000,7840000,1,5,92,28400400,107
569,113,18,7229842,6286819,1,4,93,9109601,97
2531,176,15,13927420,12110800,1,4,93,14136331,104
251,55,11,5750000,5000000,1,5,95,4427500,70
414,87,15,6900000,6000000,1,4,95,5644800,75
772,74,14,6037500,5250000,1,4,96,5916750,48
316,95,19,5750000,5000000,0,6,97,7647500,100
4488,637,28,26162500,22750000,1,9,97,43953000,86
2317,78,17,5307250,4615000,1,4,99,6315628,64
712,43,12,4140000,3600000,1,3,100,3477600,115
715,173,22,9060606,7878788,1,10,103,13953333,92
1607,230,17,15525000,13500000,1,7,107,18474750,113
185,51,12,4887500,4250000,0,3,107,4105500,57
1498,40,8,5750000,5000000,1,4,109,3220000,100
2285,500,25,23000000,20000000,1,5,113,35937500,91
478,70,14,5750000,5000000,1,3,118,5635000,79
1391,53,17,3565000,3100000,1,3,120,4242350,149
1568,75,18,4801250,4175000,1,2,122,39454,97
10879,957,29,37950000,33000000,1,12,128,60530250,99
1938,60,15,4600000,4000000,1,4,130,4830000,103
2676,63,18,4025000,3500000,1,2,149,5071500,167
466,102,19,5500000,4675000,1,3,149,7093821,183
287,36,9,4600000,4000000,0,3,151,2898000,105
23726,203,13,18224855,15847700,1,4,160,16329470,234
138,65,13,5750000,5000000,0,3,174,5232500,211
6300,190,20,10625000,9500000,1,4,180,14875000,123
240,80,20,4600000,4000000,1,3,190,6440000,195
765,55,11,5750000,5000000,1,4,205,4427500,20
20734,120,30,4600000,4000000,1,4,244,7658496,326
87,109,27,4604224,4040402,1,3,252,8701983,328
900,120,24,5750000,5000000,1,11,254,9660000,280
1846,68,18,4312500,3750000,1,3,266,5433750,340
321,89,15,6900000,6000000,1,3,267,6469785,262
1891,137,26,6037500,5250000,1,3,269,9617790,256
9517,174,24,8337500,7250000,1,3,333,14007000,230
2597,155,19,9305000,8150000,1,5,373,10939250,520
474,82,14,6900000,6000000,1,4,411,5761224,419
2378,234,26,9000000,9000000,1,4,570,16380000,570
11911,126,30,5060000,4400000,1,4,710,7571025,563
