date,Profit
1/1/2011,-26
1/3/2011,290
1/4/2011,21
1/4/2011,-22
1/5/2011,-1
1/7/2011,21
1/8/2011,77
1/11/2011,36
1/11/2011,2
1/11/2011,143
1/11/2011,-1012
1/12/2011,-56
1/12/2011,14
1/12/2011,20
1/13/2011,-342
1/13/2011,10
1/14/2011,31
1/15/2011,6
1/17/2011,7
1/18/2011,-6
1/18/2011,70
1/19/2011,165
1/19/2011,49
1/20/2011,6
1/21/2011,21
1/22/2011,-3
1/22/2011,-12
1/24/2011,-38
1/24/2011,-131
1/25/2011,-14
1/25/2011,103
1/26/2011,78
1/26/2011,66
1/26/2011,3
1/28/2011,7
2/1/2011,25
2/1/2011,2
2/2/2011,11
2/2/2011,-8
2/2/2011,33
2/2/2011,-11
2/2/2011,44
2/2/2011,8
2/2/2011,21
2/3/2011,8
2/4/2011,233
2/7/2011,338
2/7/2011,3
2/8/2011,120
2/9/2011,12
2/9/2011,59
2/9/2011,-57
2/10/2011,-95
2/10/2011,3
2/10/2011,8
2/10/2011,3
2/14/2011,4
2/15/2011,59
2/15/2011,4
2/16/2011,4
2/18/2011,5
2/18/2011,20
2/18/2011,10
2/21/2011,18
2/21/2011,-217
2/22/2011,-1
2/22/2011,20
2/22/2011,11
2/23/2011,4
2/24/2011,8
2/26/2011,140
3/1/2011,8
3/1/2011,43
3/1/2011,-8
3/1/2011,0
3/1/2011,-59
3/1/2011,-41
3/3/2011,18
3/7/2011,-8
3/8/2011,-236
3/9/2011,-76
3/10/2011,104
3/10/2011,241
3/10/2011,23
3/11/2011,1
3/11/2011,13
3/12/2011,-62
3/12/2011,15
3/14/2011,4
3/14/2011,6
3/14/2011,12
3/14/2011,11
3/15/2011,22
3/16/2011,5
3/17/2011,21
3/18/2011,90
3/18/2011,-19
3/21/2011,-2
3/21/2011,15
3/21/2011,24
3/21/2011,18
3/21/2011,5
3/22/2011,-3
3/23/2011,-14
3/24/2011,-220
3/25/2011,117
3/25/2011,24
3/25/2011,8
3/25/2011,27
3/26/2011,353
3/26/2011,4
3/28/2011,1
3/28/2011,2
3/29/2011,-577
3/29/2011,-500
3/30/2011,-82
3/31/2011,19
3/31/2011,1868
3/31/2011,0
4/1/2011,32
4/1/2011,43
4/4/2011,8
4/4/2011,23
4/4/2011,8
4/5/2011,-2
4/6/2011,14
4/6/2011,6
4/7/2011,8
4/7/2011,-943
4/9/2011,78
4/11/2011,-13
4/11/2011,-5
4/12/2011,2
4/12/2011,30
4/14/2011,12
4/14/2011,8
4/15/2011,8
4/16/2011,40
4/18/2011,-93
4/18/2011,-60
4/18/2011,104
4/19/2011,77
4/19/2011,58
4/20/2011,0
4/20/2011,-41
4/20/2011,0
4/21/2011,35
4/22/2011,13
4/25/2011,45
4/26/2011,24
4/26/2011,37
4/26/2011,3
4/26/2011,-5
4/27/2011,342
4/27/2011,289
4/27/2011,35
4/27/2011,10
4/28/2011,30
4/29/2011,29
4/29/2011,37
4/29/2011,15
4/29/2011,37
4/29/2011,21
4/29/2011,27
5/2/2011,59
5/2/2011,203
5/3/2011,-18
5/4/2011,10
5/4/2011,28
5/4/2011,14
5/4/2011,7
5/4/2011,57
5/5/2011,91
5/5/2011,20
5/6/2011,62
5/7/2011,1364
5/7/2011,20
5/9/2011,49
5/9/2011,4
5/10/2011,73
5/10/2011,4
5/10/2011,-2
5/10/2011,19
5/11/2011,8
5/12/2011,10
5/12/2011,7
5/13/2011,12
5/13/2011,5
5/15/2011,28
5/16/2011,20
5/17/2011,7
5/18/2011,42
5/18/2011,14
5/18/2011,0
5/18/2011,9
5/19/2011,3
5/19/2011,-90
5/21/2011,16
5/21/2011,27
5/25/2011,85
5/26/2011,8
5/26/2011,27
5/26/2011,76
5/27/2011,20
5/27/2011,3
5/27/2011,45
5/28/2011,36
5/30/2011,-9
5/31/2011,-4
6/1/2011,-12
6/1/2011,-55
6/1/2011,98
6/1/2011,26
6/1/2011,45
6/1/2011,-21
6/2/2011,-59
6/2/2011,27
6/2/2011,3
6/2/2011,45
6/3/2011,-6
6/4/2011,-57
6/4/2011,-1
6/6/2011,14
6/6/2011,16
6/6/2011,37
6/6/2011,446
6/6/2011,9
6/6/2011,8
6/6/2011,30
6/7/2011,-44
6/7/2011,69
6/7/2011,32
6/7/2011,50
6/7/2011,-290
6/7/2011,175
6/7/2011,33
6/7/2011,14
6/8/2011,16
6/8/2011,483
6/8/2011,139
6/8/2011,234
6/9/2011,1
6/9/2011,17
6/9/2011,221
6/9/2011,38
6/9/2011,6
6/10/2011,184
6/10/2011,1
6/10/2011,2
6/11/2011,19
6/11/2011,-127
6/13/2011,-5
6/13/2011,74
6/13/2011,8
6/13/2011,25
6/14/2011,86
6/14/2011,9
6/14/2011,109
6/15/2011,-12
6/15/2011,19
6/15/2011,4
6/16/2011,39
6/16/2011,5
6/16/2011,1
6/16/2011,51
6/16/2011,32
6/17/2011,6
6/17/2011,12
6/17/2011,-7
6/17/2011,14
6/17/2011,1
6/18/2011,18
6/18/2011,10
6/18/2011,-238
6/20/2011,-37
6/20/2011,12
6/20/2011,1
6/21/2011,32
6/22/2011,7
6/22/2011,24
6/22/2011,0
6/22/2011,2
6/22/2011,12
6/22/2011,32
6/24/2011,12
6/24/2011,12
6/24/2011,89
6/24/2011,229
6/25/2011,0
6/27/2011,10
6/27/2011,89
6/27/2011,3
6/27/2011,76
6/27/2011,-19
6/27/2011,-24
6/27/2011,65
6/27/2011,65
6/28/2011,-34
6/28/2011,21
6/28/2011,-36
6/28/2011,133
6/28/2011,552
6/28/2011,251
6/29/2011,40
6/29/2011,4
7/1/2011,2
7/2/2011,5
7/6/2011,6
7/6/2011,7
7/6/2011,0
7/7/2011,12
7/8/2011,40
7/8/2011,8
7/9/2011,14
7/9/2011,17
7/11/2011,44
7/12/2011,1
7/12/2011,154
7/12/2011,73
7/12/2011,232
7/13/2011,29
7/14/2011,112
7/14/2011,33
7/16/2011,27
7/18/2011,11
7/18/2011,3
7/20/2011,503
7/20/2011,4
7/21/2011,10
7/22/2011,260
7/24/2011,4
7/26/2011,14
7/27/2011,53
7/27/2011,524
7/27/2011,87
7/27/2011,30
7/27/2011,31
7/28/2011,4
7/28/2011,17
7/29/2011,3
7/29/2011,0
7/29/2011,20
7/31/2011,35
7/31/2011,-48
8/1/2011,-82
8/1/2011,-8
8/2/2011,-31
8/3/2011,-32
8/3/2011,-17
8/3/2011,-232
8/3/2011,8
8/3/2011,12
8/4/2011,18
8/4/2011,70
8/4/2011,17
8/5/2011,-24
8/5/2011,-8
8/5/2011,-2
8/5/2011,-7
8/6/2011,-36
8/7/2011,-140
8/8/2011,-19
8/8/2011,-135
8/9/2011,-18
8/9/2011,52
8/9/2011,400
8/9/2011,36
8/9/2011,73
8/9/2011,-39
8/9/2011,8
8/9/2011,14
8/9/2011,-47
8/10/2011,132
8/10/2011,16
8/11/2011,-1
8/11/2011,106
8/11/2011,27
8/11/2011,125
8/12/2011,-20
8/12/2011,0
8/12/2011,59
8/12/2011,86
8/12/2011,0
8/15/2011,-91
8/15/2011,0
8/15/2011,-8
8/15/2011,1
8/15/2011,4
8/15/2011,5
8/16/2011,14
8/16/2011,-102
8/16/2011,209
8/16/2011,-371
8/17/2011,1
8/17/2011,15
8/18/2011,171
8/18/2011,6
8/18/2011,189
8/18/2011,14
8/18/2011,4
8/19/2011,45
8/21/2011,40
8/21/2011,-395
8/21/2011,-25
8/22/2011,30
8/23/2011,14
8/23/2011,-38
8/23/2011,33
8/23/2011,12
8/24/2011,-754
8/24/2011,-25
8/24/2011,5
8/24/2011,7
8/25/2011,210
8/25/2011,185
8/25/2011,58
8/25/2011,36
8/25/2011,70
8/25/2011,-247
8/26/2011,26
8/26/2011,8
8/26/2011,-10
8/26/2011,-6
8/26/2011,-42
8/27/2011,5
8/27/2011,-105
8/27/2011,-22
8/27/2011,0
8/29/2011,410
8/29/2011,4
8/30/2011,-1
8/30/2011,-357
8/30/2011,-175
8/30/2011,0
8/31/2011,-8
8/31/2011,89
9/1/2011,-357
9/1/2011,10
9/1/2011,2
9/2/2011,8
9/2/2011,5
9/2/2011,80
9/3/2011,83
9/3/2011,25
9/5/2011,27
9/6/2011,9
9/6/2011,0
9/6/2011,129
9/6/2011,323
9/7/2011,-8
9/8/2011,26
9/8/2011,192
9/8/2011,-37
9/8/2011,58
9/9/2011,4
9/9/2011,12
9/10/2011,60
9/12/2011,44
9/12/2011,15
9/12/2011,53
9/13/2011,36
9/13/2011,45
9/14/2011,22
9/14/2011,3
9/14/2011,7
9/14/2011,9
9/14/2011,-110
9/14/2011,14
9/14/2011,44
9/15/2011,316
9/15/2011,48
9/15/2011,2
9/15/2011,22
9/15/2011,6
9/15/2011,35
9/16/2011,-13
9/16/2011,0
9/16/2011,-15
9/16/2011,114
9/17/2011,8
9/17/2011,227
9/18/2011,1
9/19/2011,-31
9/19/2011,6
9/19/2011,-38
9/19/2011,8
9/19/2011,60
9/19/2011,156
9/20/2011,-28
9/20/2011,2
9/20/2011,5
9/20/2011,29
9/20/2011,-114
9/20/2011,6
9/20/2011,391
9/21/2011,26
9/21/2011,0
9/22/2011,55
9/22/2011,-48
9/22/2011,165
9/22/2011,56
9/22/2011,18
9/23/2011,51
9/23/2011,39
9/23/2011,8
9/23/2011,6
9/23/2011,24
9/24/2011,273
9/24/2011,7
9/26/2011,-12
9/26/2011,-74
9/26/2011,-177
9/26/2011,-61
9/27/2011,34
9/27/2011,40
9/27/2011,10
9/27/2011,-78
9/27/2011,-22
9/27/2011,26
9/27/2011,266
9/28/2011,36
9/28/2011,-8
9/28/2011,-143
9/28/2011,-15
9/28/2011,25
9/28/2011,42
9/29/2011,-25
9/29/2011,653
9/29/2011,0
9/30/2011,60
9/30/2011,102
9/30/2011,139
9/30/2011,62
10/3/2011,-37
10/4/2011,16
10/6/2011,8
10/7/2011,-25
10/8/2011,23
10/8/2011,7
10/10/2011,8
10/10/2011,-52
10/10/2011,80
10/11/2011,24
10/11/2011,1
10/11/2011,79
10/12/2011,7
10/12/2011,87
10/13/2011,197
10/13/2011,83
10/14/2011,59
10/14/2011,146
10/17/2011,96
10/18/2011,13
10/19/2011,51
10/19/2011,11
10/20/2011,14
10/20/2011,123
10/20/2011,293
10/21/2011,141
10/22/2011,49
10/22/2011,5
10/24/2011,55
10/24/2011,21
10/25/2011,-90
10/25/2011,-3
10/26/2011,-17
10/27/2011,50
10/28/2011,13
10/31/2011,132
10/31/2011,2
10/31/2011,31
11/1/2011,56
11/1/2011,-64
11/1/2011,18
11/1/2011,-1
11/1/2011,-96
11/2/2011,35
11/2/2011,-9
11/2/2011,19
11/2/2011,6
11/2/2011,35
11/2/2011,10
11/3/2011,140
11/3/2011,99
11/3/2011,3
11/3/2011,122
11/3/2011,144
11/3/2011,-4
11/3/2011,14
11/3/2011,-22
11/4/2011,41
11/4/2011,31
11/4/2011,54
11/4/2011,199
11/4/2011,138
11/4/2011,55
11/5/2011,30
11/6/2011,22
11/7/2011,24
11/7/2011,23
11/8/2011,105
11/8/2011,30
11/8/2011,412
11/8/2011,24
11/8/2011,6
11/9/2011,8
11/9/2011,66
11/10/2011,-4
11/10/2011,-47
11/10/2011,12
11/10/2011,25
11/10/2011,10
11/10/2011,14
11/11/2011,0
11/13/2011,-96
11/14/2011,-8
11/14/2011,24
11/15/2011,10
11/15/2011,5
11/15/2011,36
11/16/2011,55
11/16/2011,52
11/17/2011,60
11/17/2011,-23
11/17/2011,35
11/18/2011,10
11/19/2011,5
11/21/2011,57
11/21/2011,-88
11/21/2011,-34
11/22/2011,-54
11/22/2011,1
11/22/2011,332
11/22/2011,-33
11/22/2011,-5
11/23/2011,7
11/23/2011,41
11/24/2011,5
11/25/2011,-69
11/25/2011,2
11/26/2011,-75
11/26/2011,11
11/26/2011,534
11/27/2011,4
11/27/2011,-63
11/28/2011,69
11/28/2011,21
11/28/2011,-44
11/28/2011,-70
11/29/2011,-10
11/29/2011,-17
11/29/2011,15
11/30/2011,7
11/30/2011,14
11/30/2011,67
11/30/2011,15
12/1/2011,1
12/1/2011,10
12/1/2011,22
12/1/2011,75
12/1/2011,6
12/2/2011,66
12/2/2011,-1
12/2/2011,22
12/2/2011,32
12/3/2011,25
12/3/2011,50
12/5/2011,46
12/5/2011,32
12/6/2011,27
12/6/2011,2
12/6/2011,79
12/6/2011,7
12/6/2011,44
12/7/2011,1
12/7/2011,14
12/8/2011,16
12/8/2011,37
12/8/2011,5
12/8/2011,88
12/9/2011,31
12/9/2011,14
12/10/2011,7
12/10/2011,3
12/10/2011,-26
12/10/2011,-44
12/12/2011,96
12/12/2011,15
12/12/2011,11
12/13/2011,70
12/13/2011,17
12/13/2011,17
12/13/2011,29
12/13/2011,5
12/13/2011,308
12/13/2011,16
12/14/2011,7
12/15/2011,78
12/15/2011,15
12/15/2011,0
12/15/2011,2
12/15/2011,11
12/15/2011,30
12/16/2011,84
12/16/2011,166
12/17/2011,13
12/17/2011,24
12/17/2011,26
12/17/2011,39
12/19/2011,0
12/19/2011,10
12/19/2011,1759
12/19/2011,3
12/20/2011,17
12/20/2011,28
12/20/2011,1
12/20/2011,34
12/20/2011,0
12/20/2011,4
12/20/2011,-61
12/21/2011,-20
12/21/2011,11
12/21/2011,33
12/21/2011,25
12/22/2011,-14
12/22/2011,32
12/22/2011,68
12/23/2011,185
12/23/2011,263
12/24/2011,64
12/26/2011,13
12/26/2011,18
12/26/2011,102
12/26/2011,29
12/26/2011,19
12/26/2011,261
12/27/2011,2
12/27/2011,20
12/27/2011,3
12/27/2011,27
12/27/2011,12
12/28/2011,12
12/28/2011,9
12/28/2011,9
12/28/2011,91
12/28/2011,39
12/29/2011,4
12/29/2011,6
12/29/2011,24
12/30/2011,290
12/30/2011,1425
12/30/2011,7
12/30/2011,-627
1/2/2012,10
1/2/2012,160
1/3/2012,4
1/3/2012,-25
1/4/2012,0
1/5/2012,185
1/5/2012,12
1/5/2012,84
1/5/2012,92
1/5/2012,25
1/6/2012,44
1/7/2012,2
1/7/2012,179
1/7/2012,7
1/9/2012,8
1/9/2012,3
1/9/2012,5
1/10/2012,31
1/10/2012,19
1/11/2012,7
1/12/2012,2
1/12/2012,-204
1/13/2012,19
1/13/2012,36
1/14/2012,-46
1/16/2012,-353
1/16/2012,17
1/16/2012,6
1/16/2012,18
1/16/2012,-1
1/17/2012,-75
1/18/2012,-190
1/18/2012,9
1/18/2012,25
1/18/2012,2
1/19/2012,-20
1/20/2012,-4
1/20/2012,-4
1/22/2012,-306
1/23/2012,117
1/23/2012,8
1/23/2012,13
1/24/2012,21
1/24/2012,18
1/24/2012,-25
1/24/2012,30
1/25/2012,29
1/25/2012,-19
1/25/2012,-55
1/25/2012,32
1/27/2012,45
1/27/2012,23
1/27/2012,4
1/28/2012,10
1/30/2012,59
1/30/2012,132
1/30/2012,45
2/1/2012,29
2/2/2012,8
2/2/2012,3
2/3/2012,-106
2/3/2012,24
2/4/2012,-96
2/6/2012,9
2/6/2012,34
2/7/2012,4
2/7/2012,18
2/7/2012,-96
2/8/2012,-59
2/9/2012,-221
2/9/2012,41
2/9/2012,141
2/10/2012,15
2/11/2012,136
2/13/2012,-4
2/14/2012,119
2/14/2012,21
2/15/2012,6
2/15/2012,16
2/15/2012,99
2/18/2012,14
2/18/2012,21
2/18/2012,16
2/20/2012,16
2/21/2012,8
2/22/2012,302
2/22/2012,-32
2/22/2012,-128
2/23/2012,11
2/23/2012,11
2/27/2012,10
2/28/2012,24
2/28/2012,8
2/28/2012,28
2/29/2012,108
3/1/2012,82
3/2/2012,10
3/2/2012,-3
3/2/2012,29
3/2/2012,29
3/3/2012,2
3/5/2012,8
3/5/2012,-98
3/5/2012,-5
3/6/2012,-226
3/6/2012,46
3/6/2012,66
3/7/2012,246
3/7/2012,10
3/7/2012,185
3/7/2012,12
3/7/2012,0
3/7/2012,7
3/8/2012,42
3/9/2012,31
3/9/2012,2476
3/9/2012,76
3/12/2012,20
3/13/2012,83
3/13/2012,80
3/13/2012,27
3/13/2012,63
3/14/2012,2
3/14/2012,7
3/14/2012,653
3/15/2012,3
3/15/2012,43
3/15/2012,-2
3/15/2012,-37
3/15/2012,129
3/16/2012,37
3/16/2012,4
3/16/2012,4
3/17/2012,14
3/17/2012,28
3/17/2012,-68
3/19/2012,14
3/19/2012,-11
3/19/2012,-74
3/19/2012,19
3/19/2012,8
3/19/2012,108
3/20/2012,-15
3/20/2012,11
3/20/2012,15
3/21/2012,17
3/22/2012,73
3/22/2012,270
3/22/2012,-3
3/22/2012,233
3/23/2012,180
3/23/2012,3
3/23/2012,17
3/24/2012,-38
3/24/2012,-125
3/26/2012,247
3/26/2012,686
3/26/2012,0
3/26/2012,38
3/27/2012,198
3/27/2012,32
3/27/2012,142
3/28/2012,36
3/29/2012,70
3/29/2012,160
3/30/2012,1
3/30/2012,9
3/31/2012,30
3/31/2012,48
4/2/2012,49
4/2/2012,68
4/3/2012,9
4/3/2012,326
4/3/2012,1
4/4/2012,19
4/4/2012,1
4/5/2012,41
4/6/2012,179
4/6/2012,11
4/6/2012,-6
4/7/2012,10
4/9/2012,0
4/9/2012,487
4/9/2012,36
4/10/2012,7
4/10/2012,24
4/10/2012,57
4/10/2012,41
4/11/2012,499
4/12/2012,9
4/13/2012,6
4/13/2012,25
4/13/2012,15
4/14/2012,107
4/16/2012,96
4/16/2012,80
4/16/2012,59
4/17/2012,20
4/19/2012,138
4/19/2012,97
4/20/2012,2
4/20/2012,242
4/20/2012,377
4/22/2012,-3
4/22/2012,3
4/23/2012,32
4/23/2012,16
4/23/2012,4
4/24/2012,155
4/24/2012,-24
4/24/2012,25
4/25/2012,59
4/26/2012,237
4/26/2012,10
4/26/2012,14
4/27/2012,48
4/27/2012,-1
4/27/2012,83
4/27/2012,-3
4/27/2012,38
4/27/2012,7
4/28/2012,0
4/28/2012,70
4/30/2012,124
5/1/2012,13
5/1/2012,37
5/1/2012,8
5/3/2012,52
5/8/2012,239
5/8/2012,170
5/9/2012,15
5/9/2012,0
5/9/2012,40
5/11/2012,45
5/11/2012,32
5/11/2012,101
5/12/2012,-193
5/13/2012,-104
5/14/2012,41
5/14/2012,7
5/14/2012,21
5/15/2012,10
5/15/2012,5
5/15/2012,2
5/15/2012,8
5/16/2012,4
5/16/2012,290
5/17/2012,38
5/17/2012,5
5/18/2012,30
5/18/2012,175
5/18/2012,0
5/21/2012,53
5/21/2012,32
5/21/2012,1
5/21/2012,-157
5/21/2012,-96
5/21/2012,-182
5/22/2012,-1
5/22/2012,-33
5/22/2012,102
5/23/2012,11
5/24/2012,0
5/24/2012,-136
5/25/2012,146
5/25/2012,2
5/26/2012,36
5/28/2012,16
5/29/2012,-137
5/29/2012,132
5/30/2012,73
5/31/2012,70
5/31/2012,0
5/31/2012,-30
5/31/2012,0
6/1/2012,3
6/1/2012,24
6/1/2012,11
6/1/2012,12
6/1/2012,17
6/1/2012,26
6/2/2012,16
6/2/2012,-116
6/2/2012,9
6/4/2012,28
6/4/2012,14
6/4/2012,56
6/5/2012,104
6/6/2012,-5
6/6/2012,306
6/6/2012,30
6/6/2012,3
6/6/2012,-12
6/7/2012,2
6/7/2012,-10
6/8/2012,-12
6/8/2012,-10
6/8/2012,14
6/8/2012,12
6/9/2012,21
6/9/2012,200
6/11/2012,-4
6/11/2012,180
6/11/2012,261
6/11/2012,12
6/11/2012,16
6/11/2012,2
6/11/2012,3
6/12/2012,4
6/12/2012,7
6/13/2012,-122
6/13/2012,15
6/14/2012,82
6/14/2012,33
6/15/2012,46
6/15/2012,19
6/15/2012,15
6/15/2012,18
6/15/2012,65
6/16/2012,1
6/16/2012,-77
6/16/2012,-34
6/18/2012,3
6/18/2012,36
6/18/2012,4
6/18/2012,260
6/19/2012,-10
6/19/2012,13
6/19/2012,6
6/19/2012,3
6/19/2012,5
6/20/2012,28
6/20/2012,80
6/20/2012,35
6/20/2012,-16
6/20/2012,0
6/20/2012,61
6/20/2012,5
6/21/2012,25
6/21/2012,38
6/21/2012,361
6/21/2012,3
6/21/2012,38
6/22/2012,0
6/22/2012,13
6/22/2012,653
6/23/2012,277
6/23/2012,82
6/25/2012,8
6/25/2012,-42
6/25/2012,14
6/25/2012,36
6/25/2012,251
6/25/2012,22
6/25/2012,5
6/26/2012,10
6/26/2012,26
6/26/2012,6
6/27/2012,109
6/27/2012,373
6/27/2012,6
6/28/2012,53
6/28/2012,18
6/28/2012,182
6/28/2012,36
6/29/2012,2
6/29/2012,145
6/29/2012,33
6/29/2012,22
6/29/2012,34
6/29/2012,11
6/30/2012,321
6/30/2012,-76
7/1/2012,-3
7/2/2012,10
7/3/2012,5
7/3/2012,40
7/3/2012,1518
7/4/2012,54
7/4/2012,16
7/4/2012,357
7/4/2012,76
7/5/2012,41
7/5/2012,299
7/6/2012,14
7/6/2012,70
7/6/2012,8
7/6/2012,31
7/6/2012,9
7/6/2012,56
7/10/2012,16
7/11/2012,175
7/11/2012,23
7/11/2012,14
7/11/2012,53
7/12/2012,36
7/13/2012,9
7/13/2012,9
7/13/2012,56
7/13/2012,29
7/13/2012,10
7/13/2012,19
7/13/2012,5
7/14/2012,3
7/14/2012,-21
7/14/2012,5
7/16/2012,8
7/17/2012,-6
7/17/2012,20
7/18/2012,14
7/18/2012,-7
7/20/2012,181
7/20/2012,3
7/20/2012,9
7/23/2012,-32
7/23/2012,15
7/23/2012,13
7/24/2012,22
7/24/2012,5
7/25/2012,7
7/25/2012,3
7/25/2012,58
7/25/2012,53
7/26/2012,24
7/27/2012,80
7/28/2012,20
7/28/2012,19
7/30/2012,11
7/30/2012,178
7/30/2012,160
7/30/2012,-28
8/1/2012,0
8/1/2012,-2
8/1/2012,-20
8/1/2012,-20
8/1/2012,30
8/2/2012,61
8/2/2012,41
8/2/2012,-1
8/3/2012,-53
8/3/2012,-177
8/3/2012,-45
8/3/2012,4
8/3/2012,-304
8/3/2012,6
8/3/2012,-134
8/3/2012,95
8/4/2012,16
8/4/2012,24
8/4/2012,23
8/4/2012,27
8/5/2012,41
8/6/2012,20
8/6/2012,38
8/6/2012,68
8/6/2012,-68
8/6/2012,-23
8/6/2012,54
8/6/2012,40
8/6/2012,82
8/7/2012,56
8/7/2012,21
8/7/2012,24
8/7/2012,25
8/7/2012,245
8/8/2012,46
8/8/2012,0
8/8/2012,18
8/9/2012,231
8/9/2012,84
8/9/2012,-7
8/9/2012,609
8/10/2012,12
8/10/2012,36
8/10/2012,-22
8/10/2012,-113
8/10/2012,5
8/10/2012,-40
8/10/2012,23
8/11/2012,-15
8/12/2012,0
8/13/2012,-7
8/13/2012,-6
8/13/2012,-6
8/13/2012,-68
8/13/2012,68
8/13/2012,41
8/14/2012,-373
8/14/2012,2
8/14/2012,-1
8/14/2012,14
8/14/2012,-30
8/14/2012,-86
8/14/2012,10
8/15/2012,69
8/15/2012,594
8/15/2012,-45
8/15/2012,84
8/16/2012,-5
8/16/2012,6
8/16/2012,-1268
8/16/2012,-7
8/17/2012,20
8/17/2012,-90
8/18/2012,-3
8/18/2012,701
8/18/2012,5
8/18/2012,4
8/20/2012,-44
8/20/2012,844
8/21/2012,81
8/21/2012,-41
8/21/2012,13
8/21/2012,152
8/21/2012,82
8/22/2012,26
8/22/2012,2
8/23/2012,1
8/23/2012,5
8/23/2012,10
8/23/2012,8
8/23/2012,174
8/23/2012,35
8/23/2012,1
8/24/2012,149
8/24/2012,7
8/24/2012,9
8/24/2012,8
8/24/2012,46
8/24/2012,19
8/24/2012,140
8/24/2012,1
8/25/2012,1
8/25/2012,-49
8/27/2012,370
8/27/2012,9
8/27/2012,28
8/28/2012,34
8/28/2012,63
8/29/2012,48
8/29/2012,21
8/29/2012,19
8/29/2012,54
8/29/2012,66
8/29/2012,-25
8/29/2012,14
8/29/2012,23
8/29/2012,2
8/30/2012,0
8/30/2012,138
8/30/2012,14
8/30/2012,0
8/30/2012,18
8/30/2012,68
8/31/2012,-6
8/31/2012,83
8/31/2012,341
8/31/2012,2
9/1/2012,105
9/1/2012,0
9/1/2012,7
9/2/2012,1
9/2/2012,8
9/3/2012,25
9/3/2012,-13
9/3/2012,6
9/3/2012,-58
9/3/2012,4
9/3/2012,6
9/4/2012,42
9/4/2012,-21
9/4/2012,-90
9/4/2012,-400
9/4/2012,-112
9/4/2012,-58
9/5/2012,-88
9/5/2012,-26
9/5/2012,-327
9/5/2012,-376
9/5/2012,-17
9/6/2012,-22
9/6/2012,-3
9/6/2012,14
9/6/2012,-190
9/7/2012,31
9/7/2012,14
9/7/2012,-6
9/7/2012,-47
9/7/2012,-4
9/7/2012,-45
9/8/2012,-41
9/9/2012,617
9/10/2012,159
9/10/2012,4
9/10/2012,7
9/10/2012,19
9/10/2012,90
9/10/2012,379
9/11/2012,56
9/11/2012,21
9/12/2012,36
9/12/2012,67
9/12/2012,15
9/12/2012,-20
9/12/2012,0
9/13/2012,37
9/13/2012,-103
9/13/2012,-40
9/13/2012,-34
9/14/2012,3
9/14/2012,283
9/16/2012,11
9/17/2012,56
9/17/2012,168
9/17/2012,820
9/17/2012,150
9/17/2012,8
9/18/2012,-4
9/18/2012,200
9/19/2012,572
9/19/2012,57
9/20/2012,23
9/20/2012,4
9/20/2012,35
9/20/2012,24
9/20/2012,2
9/20/2012,102
9/21/2012,131
9/21/2012,10
9/21/2012,78
9/21/2012,-4
9/21/2012,12
9/21/2012,-20
9/22/2012,17
9/22/2012,8
9/22/2012,14
9/24/2012,22
9/24/2012,0
9/24/2012,9
9/24/2012,9
9/25/2012,8
9/25/2012,-14
9/26/2012,-4
9/26/2012,-6
9/26/2012,-60
9/27/2012,-83
9/27/2012,57
9/27/2012,19
9/27/2012,5
9/27/2012,76
9/28/2012,-7
9/28/2012,29
9/28/2012,22
9/28/2012,20
9/28/2012,29
9/28/2012,-198
9/28/2012,-61
9/28/2012,-118
9/29/2012,14
9/29/2012,-414
9/29/2012,61
10/1/2012,8
10/1/2012,142
10/1/2012,1528
10/1/2012,14
10/2/2012,90
10/3/2012,2
10/4/2012,278
10/4/2012,776
10/4/2012,5
10/4/2012,40
10/5/2012,41
10/5/2012,-55
10/8/2012,6
10/9/2012,20
10/10/2012,21
10/10/2012,35
10/10/2012,32
10/11/2012,28
10/12/2012,76
10/13/2012,37
10/15/2012,63
10/15/2012,18
10/15/2012,-27
10/15/2012,84
10/16/2012,-191
10/17/2012,5
10/17/2012,82
10/17/2012,-631
10/17/2012,420
10/17/2012,14
10/17/2012,8
10/18/2012,-4
10/18/2012,110
10/18/2012,18
10/19/2012,0
10/19/2012,202
10/20/2012,17
10/22/2012,10
10/22/2012,16
10/22/2012,-10
10/23/2012,19
10/23/2012,12
10/24/2012,8
10/24/2012,6
10/24/2012,36
10/25/2012,179
10/26/2012,44
10/26/2012,113
10/27/2012,10
10/27/2012,10
10/27/2012,21
10/29/2012,72
10/30/2012,13
10/30/2012,57
10/30/2012,316
10/30/2012,143
10/30/2012,9
10/31/2012,136
10/31/2012,24
10/31/2012,347
10/31/2012,-240
11/1/2012,160
11/1/2012,13
11/1/2012,2
11/1/2012,5
11/1/2012,11
11/2/2012,337
11/2/2012,-94
11/2/2012,27
11/2/2012,303
11/2/2012,61
11/2/2012,20
11/3/2012,18
11/3/2012,-40
11/5/2012,-776
11/5/2012,-7
11/5/2012,2
11/5/2012,1
11/5/2012,34
11/5/2012,3
11/5/2012,2
11/5/2012,31
11/6/2012,5
11/6/2012,421
11/6/2012,16
11/6/2012,12
11/7/2012,155
11/7/2012,139
11/7/2012,36
11/8/2012,159
11/8/2012,0
11/8/2012,29
11/8/2012,87
11/8/2012,6
11/8/2012,0
11/8/2012,0
11/9/2012,-86
11/9/2012,9
11/9/2012,-6
11/10/2012,130
11/10/2012,2
11/10/2012,-72
11/10/2012,20
11/10/2012,110
11/10/2012,117
11/10/2012,136
11/10/2012,30
11/12/2012,18
11/12/2012,6
11/12/2012,-535
11/12/2012,0
11/12/2012,-9
11/13/2012,-18
11/13/2012,3
11/13/2012,-271
11/13/2012,-48
11/13/2012,-363
11/13/2012,11
11/13/2012,40
11/13/2012,-212
11/14/2012,14
11/14/2012,50
11/14/2012,1
11/14/2012,29
11/15/2012,221
11/15/2012,126
11/15/2012,-51
11/15/2012,0
11/16/2012,-64
11/16/2012,12
11/16/2012,27
11/17/2012,8
11/17/2012,11
11/17/2012,30
11/17/2012,65
11/19/2012,97
11/19/2012,133
11/19/2012,2
11/19/2012,88
11/20/2012,4
11/20/2012,3
11/20/2012,1
11/20/2012,2
11/20/2012,12
11/20/2012,7
11/20/2012,11
11/21/2012,7
11/21/2012,60
11/21/2012,57
11/21/2012,60
11/22/2012,100
11/22/2012,71
11/22/2012,4
11/22/2012,711
11/22/2012,10
11/23/2012,9
11/23/2012,-1
11/23/2012,-5
11/23/2012,0
11/23/2012,17
11/24/2012,25
11/24/2012,241
11/24/2012,42
11/25/2012,161
11/26/2012,42
11/26/2012,47
11/26/2012,4
11/26/2012,19
11/27/2012,93
11/27/2012,-14
11/27/2012,3
11/28/2012,116
11/28/2012,-31
11/29/2012,100
11/29/2012,12
11/29/2012,-6
11/29/2012,11
11/29/2012,16
11/29/2012,25
11/29/2012,1
11/30/2012,25
12/1/2012,49
12/1/2012,356
12/1/2012,0
12/3/2012,26
12/3/2012,383
12/3/2012,-19
12/3/2012,-10
12/3/2012,23
12/3/2012,22
12/3/2012,14
12/3/2012,4
12/4/2012,117
12/4/2012,20
12/4/2012,4
12/5/2012,-14
12/5/2012,30
12/6/2012,-1
12/6/2012,179
12/6/2012,21
12/6/2012,26
12/7/2012,59
12/7/2012,12
12/10/2012,1
12/10/2012,92
12/10/2012,39
12/10/2012,5
12/11/2012,-32
12/11/2012,846
12/12/2012,12
12/12/2012,5
12/12/2012,-5
12/12/2012,1
12/12/2012,22
12/12/2012,7
12/12/2012,8
12/13/2012,95
12/13/2012,6
12/14/2012,76
12/14/2012,989
12/14/2012,-91
12/14/2012,7
12/14/2012,-9
12/15/2012,468
12/15/2012,-490
12/15/2012,1
12/17/2012,70
12/17/2012,36
12/17/2012,-27
12/17/2012,-3
12/17/2012,-287
12/17/2012,-41
12/17/2012,28
12/17/2012,42
12/18/2012,180
12/18/2012,26
12/18/2012,15
12/18/2012,17
12/19/2012,7
12/19/2012,0
12/19/2012,-398
12/19/2012,-30
12/20/2012,-7
12/20/2012,-79
12/20/2012,-22
12/20/2012,450
12/21/2012,66
12/21/2012,7
12/21/2012,-7
12/22/2012,36
12/22/2012,-6
12/22/2012,178
12/24/2012,928
12/24/2012,-18
12/24/2012,10
12/25/2012,-119
12/25/2012,24
12/25/2012,40
12/26/2012,33
12/26/2012,25
12/26/2012,21
12/26/2012,11
12/26/2012,20
12/27/2012,-30
12/27/2012,34
12/27/2012,27
12/27/2012,-15
12/27/2012,110
12/27/2012,-204
12/27/2012,66
12/28/2012,-993
12/28/2012,-5
12/28/2012,22
12/28/2012,40
12/28/2012,-58
12/29/2012,-8
12/29/2012,-8
12/29/2012,-11
12/29/2012,-25
12/30/2012,-38
12/31/2012,-79
12/31/2012,-1673
12/31/2012,-120
12/31/2012,256
12/31/2012,107
1/1/2013,15
1/1/2013,18
1/1/2013,327
1/2/2013,-1
1/2/2013,67
1/2/2013,30
1/2/2013,6
1/2/2013,3
1/3/2013,0
1/3/2013,224
1/3/2013,21
1/3/2013,127
1/3/2013,4
1/3/2013,1
1/4/2013,9
1/4/2013,-60
1/4/2013,-68
1/4/2013,38
1/4/2013,18
1/4/2013,2
1/5/2013,27
1/7/2013,1
1/7/2013,28
1/7/2013,13
1/8/2013,475
1/8/2013,41
1/9/2013,7
1/11/2013,69
1/11/2013,3
1/12/2013,1
1/12/2013,14
1/14/2013,-31
1/14/2013,71
1/14/2013,91
1/15/2013,16
1/15/2013,14
1/16/2013,19
1/16/2013,16
1/16/2013,30
1/17/2013,-20
1/17/2013,23
1/17/2013,39
1/17/2013,46
1/17/2013,-263
1/18/2013,7
1/18/2013,-6
1/18/2013,6
1/18/2013,5
1/19/2013,27
1/19/2013,5
1/19/2013,3
1/21/2013,25
1/22/2013,32
1/23/2013,239
1/23/2013,59
1/24/2013,3
1/24/2013,186
1/25/2013,4
1/25/2013,60
1/26/2013,19
1/27/2013,49
1/28/2013,147
1/28/2013,55
1/28/2013,31
1/28/2013,14
1/29/2013,13
1/29/2013,212
1/29/2013,9
1/29/2013,-2
1/29/2013,-197
1/29/2013,-23
1/30/2013,-55
1/31/2013,61
1/31/2013,30
1/31/2013,1
2/1/2013,30
2/1/2013,10
2/1/2013,-31
2/2/2013,178
2/3/2013,47
2/4/2013,7
2/5/2013,23
2/5/2013,26
2/5/2013,2
2/5/2013,11
2/6/2013,11
2/6/2013,56
2/6/2013,5
2/7/2013,14
2/7/2013,-13
2/8/2013,-7
2/8/2013,-1783
2/8/2013,2
2/11/2013,7
2/11/2013,4
2/11/2013,194
2/11/2013,185
2/11/2013,-12
2/12/2013,8
2/12/2013,29
2/12/2013,126
2/12/2013,2
2/12/2013,10
2/13/2013,-428
2/13/2013,-17
2/13/2013,-8
2/13/2013,6
2/13/2013,9
2/14/2013,48
2/14/2013,31
2/14/2013,8
2/15/2013,11
2/15/2013,-2
2/16/2013,57
2/16/2013,-127
2/18/2013,68
2/18/2013,-125
2/18/2013,12
2/18/2013,84
2/19/2013,74
2/19/2013,-232
2/19/2013,-55
2/20/2013,-28
2/20/2013,73
2/21/2013,-19
2/22/2013,536
2/22/2013,9
2/22/2013,68
2/22/2013,40
2/23/2013,14
2/23/2013,120
2/23/2013,83
2/25/2013,25
2/25/2013,40
2/25/2013,-7
2/25/2013,844
2/25/2013,-27
2/26/2013,-90
2/26/2013,76
2/26/2013,10
2/27/2013,7
2/27/2013,66
2/27/2013,1
2/28/2013,2
2/28/2013,-122
2/28/2013,-2
3/1/2013,-4
3/1/2013,-25
3/1/2013,-31
3/1/2013,2
3/2/2013,356
3/3/2013,178
3/4/2013,15
3/4/2013,-104
3/5/2013,-13
3/6/2013,-1
3/7/2013,20
3/8/2013,15
3/8/2013,3
3/8/2013,34
3/8/2013,10
3/8/2013,4
3/11/2013,44
3/11/2013,14
3/11/2013,9
3/11/2013,4
3/11/2013,0
3/12/2013,5
3/12/2013,5
3/12/2013,10
3/13/2013,3
3/13/2013,18
3/13/2013,10
3/13/2013,4
3/13/2013,345
3/13/2013,10
3/14/2013,35
3/15/2013,28
3/15/2013,-10
3/15/2013,24
3/18/2013,149
3/19/2013,-49
3/19/2013,8
3/19/2013,88
3/20/2013,56
3/20/2013,-157
3/20/2013,17
3/21/2013,-7
3/21/2013,25
3/22/2013,84
3/22/2013,23
3/22/2013,3
3/23/2013,9
3/25/2013,17
3/25/2013,6
3/26/2013,337
3/26/2013,44
3/26/2013,8
3/28/2013,31
3/28/2013,42
3/28/2013,12
3/29/2013,27
3/29/2013,10
3/29/2013,1
3/30/2013,57
3/31/2013,-4
4/2/2013,203
4/2/2013,6
4/2/2013,41
4/2/2013,12
4/2/2013,73
4/2/2013,131
4/2/2013,28
4/3/2013,6
4/3/2013,135
4/4/2013,243
4/4/2013,15
4/4/2013,33
4/5/2013,38
4/5/2013,37
4/5/2013,8
4/6/2013,143
4/7/2013,-40
4/8/2013,6
4/8/2013,4
4/8/2013,9
4/8/2013,27
4/9/2013,12
4/9/2013,562
4/10/2013,0
4/11/2013,-19
4/11/2013,-1
4/11/2013,91
4/11/2013,11
4/13/2013,2
4/15/2013,77
4/15/2013,16
4/15/2013,10
4/15/2013,-82
4/15/2013,104
4/16/2013,15
4/16/2013,19
4/16/2013,7
4/18/2013,63
4/19/2013,14
4/20/2013,-16
4/20/2013,32
4/22/2013,5
4/23/2013,-17
4/24/2013,12
4/25/2013,30
4/25/2013,156
4/25/2013,2
4/26/2013,1
4/27/2013,74
4/29/2013,14
4/29/2013,24
4/29/2013,65
4/30/2013,-62
4/30/2013,0
4/30/2013,96
4/30/2013,4
5/1/2013,18
5/1/2013,61
5/1/2013,48
5/2/2013,33
5/2/2013,17
5/3/2013,742
5/3/2013,2461
5/3/2013,18
5/6/2013,1
5/6/2013,84
5/6/2013,-6
5/6/2013,-1925
5/7/2013,49
5/7/2013,14
5/8/2013,30
5/8/2013,6
5/9/2013,18
5/9/2013,57
5/10/2013,-1
5/11/2013,16
5/12/2013,98
5/12/2013,503
5/13/2013,3
5/13/2013,36
5/14/2013,51
5/14/2013,13
5/14/2013,13
5/15/2013,13
5/15/2013,3
5/15/2013,4
5/16/2013,20
5/16/2013,82
5/16/2013,1
5/16/2013,21
5/16/2013,42
5/17/2013,9
5/17/2013,107
5/17/2013,7
5/17/2013,8
5/18/2013,19
5/18/2013,44
5/18/2013,25
5/18/2013,7
5/21/2013,2
5/22/2013,75
5/22/2013,39
5/23/2013,4
5/24/2013,-119
5/24/2013,5
5/24/2013,46
5/25/2013,39
5/27/2013,49
5/27/2013,9
5/28/2013,74
5/28/2013,2
5/28/2013,-29
5/28/2013,-6
5/28/2013,-5
5/29/2013,-35
5/29/2013,-149
5/30/2013,20
5/30/2013,17
5/30/2013,11
5/30/2013,76
5/30/2013,16
5/30/2013,-341
5/31/2013,-140
5/31/2013,-11
6/1/2013,6
6/1/2013,-87
6/2/2013,309
6/2/2013,8
6/2/2013,-6
6/2/2013,16
6/3/2013,3
6/3/2013,44
6/3/2013,74
6/3/2013,6
6/3/2013,23
6/4/2013,25
6/4/2013,52
6/4/2013,54
6/4/2013,163
6/4/2013,7
6/4/2013,1
6/4/2013,17
6/4/2013,50
6/5/2013,176
6/5/2013,-5
6/5/2013,8
6/5/2013,-4
6/6/2013,-51
6/6/2013,-21
6/6/2013,43
6/7/2013,6
6/7/2013,-29
6/7/2013,9
6/7/2013,382
6/7/2013,11
6/7/2013,3
6/8/2013,-76
6/8/2013,26
6/8/2013,15
6/9/2013,51
6/10/2013,-218
6/10/2013,22
6/10/2013,-19
6/10/2013,47
6/10/2013,360
6/10/2013,36
6/10/2013,25
6/10/2013,180
6/11/2013,93
6/11/2013,117
6/11/2013,123
6/11/2013,7
6/12/2013,9
6/12/2013,760
6/12/2013,0
6/12/2013,0
6/12/2013,-12
6/13/2013,790
6/13/2013,59
6/13/2013,45
6/13/2013,47
6/13/2013,5
6/13/2013,8
6/13/2013,3
6/13/2013,3
6/13/2013,79
6/13/2013,857
6/14/2013,660
6/14/2013,11
6/14/2013,9
6/14/2013,-10
6/14/2013,356
6/15/2013,47
6/15/2013,57
6/17/2013,35
6/17/2013,207
6/17/2013,5
6/17/2013,8
6/17/2013,15
6/17/2013,7
6/18/2013,27
6/18/2013,65
6/18/2013,10
6/18/2013,6
6/18/2013,32
6/19/2013,-26
6/19/2013,-46
6/19/2013,213
6/20/2013,7
6/20/2013,-98
6/21/2013,15
6/21/2013,18
6/21/2013,-54
6/21/2013,31
6/21/2013,-11
6/22/2013,16
6/23/2013,4
6/23/2013,10
6/23/2013,4
6/24/2013,4
6/24/2013,41
6/24/2013,5
6/24/2013,4
6/25/2013,73
6/25/2013,923
6/25/2013,0
6/26/2013,4
6/26/2013,1
6/26/2013,54
6/26/2013,7
6/27/2013,81
6/27/2013,34
6/27/2013,7
6/27/2013,82
6/27/2013,45
6/27/2013,222
6/28/2013,-11
6/28/2013,72
6/28/2013,247
6/28/2013,123
6/29/2013,23
6/29/2013,-19
6/29/2013,20
7/1/2013,29
7/2/2013,47
7/2/2013,24
7/2/2013,29
7/3/2013,95
7/3/2013,109
7/3/2013,154
7/4/2013,58
7/4/2013,26
7/6/2013,3
7/6/2013,5
7/6/2013,-9
7/8/2013,-1
7/8/2013,44
7/8/2013,15
7/9/2013,-78
7/9/2013,46
7/10/2013,14
7/11/2013,11
7/11/2013,-125
7/11/2013,320
7/11/2013,181
7/11/2013,30
7/12/2013,25
7/12/2013,84
7/12/2013,62
7/13/2013,-30
7/14/2013,4
7/15/2013,125
7/15/2013,22
7/15/2013,44
7/15/2013,13
7/16/2013,8
7/17/2013,372
7/18/2013,6
7/18/2013,25
7/20/2013,7
7/22/2013,-3
7/22/2013,22
7/22/2013,3
7/22/2013,7
7/22/2013,73
7/23/2013,30
7/23/2013,7
7/23/2013,171
7/24/2013,67
7/24/2013,63
7/24/2013,759
7/25/2013,8
7/25/2013,3
7/25/2013,3
7/26/2013,9
7/26/2013,75
7/29/2013,99
7/29/2013,9
7/30/2013,-21
7/30/2013,7
7/30/2013,-1
7/31/2013,66
7/31/2013,235
7/31/2013,60
8/1/2013,138
8/1/2013,4
8/1/2013,4
8/1/2013,6
8/1/2013,8
8/2/2013,5
8/2/2013,-77
8/2/2013,-9
8/3/2013,-89
8/4/2013,76
8/5/2013,28
8/5/2013,1
8/5/2013,56
8/5/2013,4
8/5/2013,1
8/5/2013,162
8/5/2013,5
8/5/2013,-96
8/5/2013,305
8/6/2013,68
8/6/2013,-49
8/6/2013,90
8/6/2013,1
8/6/2013,7
8/6/2013,126
8/6/2013,-9
8/6/2013,-5
8/7/2013,-21
8/7/2013,135
8/7/2013,6
8/7/2013,5
8/7/2013,59
8/7/2013,44
8/7/2013,3
8/8/2013,2
8/8/2013,-5
8/8/2013,6
8/8/2013,17
8/8/2013,11
8/9/2013,62
8/9/2013,15
8/9/2013,18
8/9/2013,-46
8/9/2013,-1
8/10/2013,8
8/10/2013,3
8/10/2013,14
8/11/2013,-33
8/11/2013,27
8/11/2013,80
8/12/2013,44
8/12/2013,411
8/12/2013,30
8/12/2013,603
8/12/2013,1112
8/12/2013,14
8/12/2013,-275
8/12/2013,-57
8/12/2013,19
8/12/2013,83
8/13/2013,23
8/13/2013,6
8/13/2013,21
8/13/2013,37
8/13/2013,52
8/13/2013,5
8/13/2013,3
8/14/2013,12
8/14/2013,13
8/14/2013,73
8/14/2013,-61
8/14/2013,-12
8/14/2013,-33
8/14/2013,-28
8/14/2013,-5
8/15/2013,-28
8/15/2013,-107
8/15/2013,-5
8/16/2013,45
8/16/2013,-9
8/16/2013,7
8/16/2013,49
8/16/2013,7
8/16/2013,-5
8/16/2013,66
8/16/2013,91
8/16/2013,144
8/16/2013,64
8/17/2013,3
8/17/2013,-45
8/19/2013,100
8/19/2013,54
8/19/2013,25
8/19/2013,-154
8/20/2013,31
8/20/2013,36
8/20/2013,39
8/21/2013,5
8/21/2013,12
8/21/2013,9
8/21/2013,45
8/21/2013,3
8/21/2013,21
8/22/2013,32
8/22/2013,69
8/22/2013,1
8/22/2013,27
8/23/2013,29
8/23/2013,1990
8/23/2013,13
8/23/2013,193
8/23/2013,9
8/23/2013,-20
8/24/2013,-7
8/24/2013,10
8/24/2013,212
8/25/2013,534
8/25/2013,-8
8/25/2013,8
8/26/2013,12
8/27/2013,-51
8/27/2013,77
8/27/2013,186
8/27/2013,93
8/27/2013,116
8/27/2013,-141
8/27/2013,267
8/27/2013,15
8/28/2013,0
8/28/2013,26
8/28/2013,1
8/28/2013,22
8/28/2013,4
8/28/2013,3
8/28/2013,20
8/28/2013,-24
8/29/2013,583
8/29/2013,67
8/29/2013,10
8/29/2013,17
8/30/2013,94
8/30/2013,182
8/30/2013,21
8/30/2013,33
8/30/2013,22
8/31/2013,-3
8/31/2013,6
8/31/2013,2
9/2/2013,1
9/2/2013,-46
9/2/2013,109
9/2/2013,5
9/3/2013,12
9/3/2013,414
9/3/2013,12
9/3/2013,216
9/3/2013,21
9/4/2013,2
9/4/2013,-11
9/4/2013,-3
9/4/2013,51
9/4/2013,4
9/4/2013,34
9/5/2013,1
9/5/2013,23
9/5/2013,19
9/5/2013,1
9/5/2013,-62
9/5/2013,19
9/5/2013,12
9/5/2013,16
9/6/2013,14
9/6/2013,13
9/7/2013,53
9/7/2013,203
9/7/2013,33
9/9/2013,15
9/9/2013,6
9/9/2013,-30
9/9/2013,43
9/9/2013,-53
9/9/2013,140
9/9/2013,33
9/10/2013,50
9/10/2013,2
9/10/2013,85
9/10/2013,24
9/10/2013,14
9/11/2013,27
9/11/2013,125
9/11/2013,3
9/12/2013,-2
9/12/2013,12
9/12/2013,36
9/12/2013,20
9/12/2013,-61
9/12/2013,23
9/12/2013,65
9/13/2013,29
9/13/2013,14
9/14/2013,3
9/14/2013,72
9/14/2013,26
9/14/2013,16
9/15/2013,33
9/16/2013,500
9/16/2013,303
9/16/2013,71
9/16/2013,7
9/16/2013,27
9/16/2013,36
9/17/2013,406
9/17/2013,39
9/17/2013,29
9/17/2013,17
9/17/2013,-298
9/18/2013,42
9/18/2013,41
9/18/2013,5
9/19/2013,8
9/19/2013,39
9/19/2013,329
9/19/2013,95
9/20/2013,88
9/20/2013,4
9/20/2013,1
9/20/2013,142
9/20/2013,32
9/20/2013,47
9/20/2013,22
9/21/2013,2
9/21/2013,24
9/21/2013,68
9/21/2013,72
9/21/2013,3
9/21/2013,462
9/23/2013,516
9/23/2013,13
9/23/2013,26
9/23/2013,-26
9/24/2013,-29
9/24/2013,-1
9/24/2013,34
9/24/2013,87
9/24/2013,0
9/24/2013,2
9/25/2013,2
9/25/2013,26
9/25/2013,4
9/25/2013,21
9/25/2013,27
9/25/2013,19
9/25/2013,-3
9/25/2013,-1
9/25/2013,-127
9/26/2013,62
9/26/2013,10
9/26/2013,38
9/26/2013,118
9/26/2013,17
9/27/2013,253
9/27/2013,63
9/27/2013,35
9/27/2013,-13
9/27/2013,6
9/27/2013,961
9/27/2013,57
9/27/2013,50
9/27/2013,-17
9/28/2013,-48
9/28/2013,5
9/28/2013,-17
9/29/2013,11
9/30/2013,46
9/30/2013,-42
10/1/2013,-61
10/1/2013,27
10/3/2013,-599
10/3/2013,114
10/3/2013,-15
10/4/2013,-229
10/4/2013,0
10/4/2013,-2
10/5/2013,73
10/5/2013,20
10/5/2013,0
10/7/2013,5
10/8/2013,16
10/8/2013,36
10/8/2013,-8
10/9/2013,-7
10/9/2013,-10
10/10/2013,10
10/10/2013,-7
10/10/2013,13
10/11/2013,5
10/11/2013,29
10/11/2013,30
10/11/2013,29
10/11/2013,36
10/12/2013,41
10/12/2013,-5
10/12/2013,-17
10/14/2013,-30
10/14/2013,-38
10/14/2013,-30
10/15/2013,-78
10/15/2013,-52
10/16/2013,6
10/16/2013,11
10/16/2013,-128
10/17/2013,640
10/18/2013,66
10/18/2013,90
10/18/2013,631
10/18/2013,33
10/18/2013,10
10/21/2013,205
10/22/2013,139
10/23/2013,134
10/23/2013,28
10/23/2013,1
10/24/2013,8
10/24/2013,41
10/25/2013,4
10/25/2013,9
10/28/2013,5
10/28/2013,-17
10/29/2013,12
10/29/2013,27
10/29/2013,29
10/29/2013,187
10/30/2013,141
10/30/2013,273
10/31/2013,-140
10/31/2013,18
11/1/2013,16
11/1/2013,-25
11/1/2013,0
11/1/2013,4
11/1/2013,5
11/1/2013,-97
11/1/2013,-98
11/1/2013,35
11/2/2013,48
11/2/2013,58
11/2/2013,228
11/2/2013,30
11/4/2013,10
11/4/2013,10
11/4/2013,9
11/5/2013,291
11/5/2013,28
11/5/2013,25
11/5/2013,200
11/6/2013,558
11/6/2013,12
11/6/2013,72
11/6/2013,516
11/6/2013,19
11/6/2013,-111
11/6/2013,22
11/7/2013,70
11/7/2013,15
11/7/2013,14
11/8/2013,324
11/8/2013,8
11/8/2013,-14
11/9/2013,-64
11/9/2013,315
11/11/2013,30
11/11/2013,-75
11/11/2013,75
11/11/2013,45
11/11/2013,71
11/11/2013,8
11/11/2013,68
11/11/2013,120
11/12/2013,10
11/12/2013,10
11/12/2013,59
11/12/2013,54
11/12/2013,17
11/13/2013,4
11/13/2013,-2
11/13/2013,16
11/13/2013,-64
11/13/2013,63
11/13/2013,12
11/14/2013,99
11/14/2013,9
11/14/2013,3
11/15/2013,92
11/15/2013,1
11/15/2013,35
11/15/2013,279
11/16/2013,5
11/16/2013,124
11/16/2013,16
11/17/2013,92
11/17/2013,2
11/18/2013,6
11/18/2013,37
11/18/2013,0
11/18/2013,33
11/18/2013,4
11/19/2013,0
11/19/2013,22
11/19/2013,46
11/19/2013,4
11/19/2013,-18
11/19/2013,3
11/19/2013,35
11/19/2013,39
11/20/2013,365
11/20/2013,11
11/20/2013,18
11/21/2013,5
11/21/2013,23
11/21/2013,17
11/21/2013,-4
11/22/2013,-148
11/22/2013,45
11/22/2013,29
11/22/2013,18
11/22/2013,11
11/22/2013,197
11/22/2013,280
11/22/2013,-217
11/24/2013,-54
11/24/2013,76
11/25/2013,198
11/25/2013,5
11/25/2013,4
11/25/2013,44
11/25/2013,-33
11/25/2013,6
11/25/2013,129
11/25/2013,33
11/26/2013,-4
11/26/2013,-16
11/26/2013,261
11/27/2013,15
11/27/2013,-21
11/27/2013,30
11/28/2013,21
11/28/2013,15
11/28/2013,-28
11/28/2013,4
11/28/2013,0
11/28/2013,4
11/29/2013,7
11/29/2013,-64
11/30/2013,82
11/30/2013,84
11/30/2013,-41
11/30/2013,57
11/30/2013,6
12/2/2013,79
12/2/2013,0
12/3/2013,3
12/3/2013,67
12/3/2013,1
12/3/2013,0
12/3/2013,3
12/3/2013,0
12/3/2013,-496
12/3/2013,-10
12/4/2013,81
12/4/2013,0
12/4/2013,16
12/4/2013,-2
12/4/2013,46
12/4/2013,105
12/5/2013,48
12/5/2013,40
12/5/2013,206
12/5/2013,239
12/5/2013,165
12/6/2013,4
12/6/2013,133
12/7/2013,12
12/7/2013,10
12/7/2013,-4
12/7/2013,-1
12/9/2013,11
12/9/2013,522
12/9/2013,38
12/9/2013,99
12/9/2013,7
12/9/2013,142
12/9/2013,28
12/9/2013,365
12/10/2013,-83
12/10/2013,14
12/10/2013,12
12/10/2013,40
12/10/2013,16
12/11/2013,6
12/11/2013,36
12/11/2013,42
12/11/2013,-6
12/12/2013,-8
12/12/2013,-22
12/12/2013,18
12/12/2013,129
12/13/2013,-254
12/13/2013,-268
12/13/2013,-58
12/13/2013,-4
12/13/2013,0
12/13/2013,-364
12/13/2013,-20
12/14/2013,-155
12/14/2013,-133
12/16/2013,6
12/16/2013,73
12/16/2013,174
12/16/2013,15
12/16/2013,9
12/16/2013,21
12/16/2013,-64
12/17/2013,67
12/17/2013,34
12/17/2013,39
12/17/2013,9
12/17/2013,6
12/17/2013,-112
12/18/2013,-4
12/18/2013,-396
12/18/2013,31
12/19/2013,15
12/19/2013,4
12/19/2013,87
12/19/2013,27
12/19/2013,12
12/19/2013,6
12/19/2013,20
12/19/2013,-124
12/20/2013,13
12/20/2013,54
12/20/2013,20
12/20/2013,1
12/20/2013,8
12/20/2013,7
12/20/2013,81
12/20/2013,11
12/20/2013,419
12/23/2013,18
12/23/2013,87
12/23/2013,30
12/23/2013,40
12/24/2013,10
12/24/2013,-54
12/24/2013,25
12/24/2013,-205
12/24/2013,350
12/24/2013,11
12/24/2013,30
12/25/2013,26
12/25/2013,29
12/25/2013,35
12/25/2013,19
12/25/2013,-61
12/26/2013,-94
12/26/2013,17
12/26/2013,0
12/26/2013,0
12/26/2013,89
12/26/2013,-103
12/27/2013,-130
12/27/2013,-87
12/27/2013,29
12/27/2013,43
12/28/2013,-90
12/28/2013,-9
12/30/2013,27
12/30/2013,18
12/30/2013,27
12/30/2013,19
12/31/2013,14
12/31/2013,-398
12/31/2013,-29
1/1/2014,576
1/1/2014,33
1/1/2014,480
1/1/2014,18
1/2/2014,19
1/3/2014,2
1/3/2014,52
1/5/2014,-22
1/6/2014,77
1/6/2014,288
1/6/2014,-99
1/7/2014,23
1/8/2014,34
1/8/2014,219
1/8/2014,153
1/8/2014,3
1/8/2014,5
1/9/2014,-8
1/9/2014,-146
1/9/2014,4
1/9/2014,6
1/9/2014,56
1/9/2014,4
1/10/2014,-110
1/10/2014,107
1/10/2014,1
1/11/2014,5
1/13/2014,242
1/13/2014,15
1/14/2014,1094
1/14/2014,-142
1/14/2014,32
1/14/2014,23
1/14/2014,-5
1/14/2014,2
1/15/2014,22
1/15/2014,-5
1/15/2014,-121
1/16/2014,353
1/16/2014,30
1/16/2014,6
1/16/2014,-21
1/17/2014,72
1/17/2014,43
1/17/2014,36
1/18/2014,12
1/20/2014,27
1/20/2014,27
1/20/2014,10
1/20/2014,40
1/20/2014,40
1/21/2014,70
1/21/2014,-20
1/21/2014,0
1/21/2014,47
1/21/2014,1
1/21/2014,-19
1/21/2014,18
1/22/2014,-743
1/22/2014,8
1/22/2014,208
1/22/2014,50
1/22/2014,5
1/22/2014,25
1/22/2014,19
1/23/2014,-8
1/23/2014,25
1/24/2014,2
1/24/2014,74
1/24/2014,27
1/24/2014,10
1/25/2014,80
1/26/2014,49
1/26/2014,11
1/27/2014,10
1/27/2014,6
1/27/2014,3
1/28/2014,81
1/28/2014,82
1/28/2014,87
1/29/2014,13
1/29/2014,21
1/29/2014,46
1/29/2014,82
1/30/2014,12
1/31/2014,82
1/31/2014,88
1/31/2014,14
1/31/2014,3
1/31/2014,0
2/1/2014,31
2/3/2014,38
2/3/2014,271
2/3/2014,79
2/4/2014,128
2/5/2014,40
2/5/2014,62
2/6/2014,2
2/6/2014,28
2/6/2014,47
2/6/2014,14
2/7/2014,75
2/7/2014,5
2/7/2014,-22
2/7/2014,41
2/7/2014,15
2/7/2014,-1
2/7/2014,12
2/7/2014,14
2/8/2014,-26
2/8/2014,67
2/10/2014,232
2/10/2014,-38
2/10/2014,14
2/10/2014,14
2/11/2014,0
2/11/2014,78
2/11/2014,14
2/11/2014,30
2/11/2014,-5
2/12/2014,0
2/13/2014,19
2/14/2014,21
2/14/2014,1
2/14/2014,25
2/14/2014,15
2/14/2014,60
2/15/2014,-621
2/15/2014,-27
2/17/2014,-7
2/17/2014,-158
2/17/2014,12
2/17/2014,9
2/17/2014,-241
2/17/2014,-45
2/17/2014,-65
2/17/2014,13
2/20/2014,13
2/20/2014,-82
2/20/2014,38
2/21/2014,-36
2/22/2014,60
2/22/2014,24
2/23/2014,12
2/24/2014,110
2/24/2014,15
2/24/2014,-49
2/24/2014,-9
2/24/2014,28
2/25/2014,0
2/25/2014,30
2/25/2014,-40
2/25/2014,7
2/26/2014,124
2/26/2014,11
2/26/2014,16
2/26/2014,-105
2/27/2014,-9
2/27/2014,-2
2/27/2014,0
2/27/2014,19
2/28/2014,42
2/28/2014,5
2/28/2014,4
2/28/2014,-7
3/3/2014,13
3/3/2014,39
3/3/2014,18
3/3/2014,72
3/3/2014,24
3/4/2014,59
3/4/2014,29
3/4/2014,4
3/4/2014,5
3/4/2014,6
3/5/2014,65
3/5/2014,4
3/6/2014,12
3/6/2014,-1022
3/6/2014,19
3/6/2014,3
3/8/2014,0
3/10/2014,128
3/10/2014,5
3/10/2014,1
3/11/2014,12
3/12/2014,27
3/12/2014,9
3/14/2014,25
3/14/2014,-719
3/14/2014,154
3/15/2014,-35
3/15/2014,-14
3/15/2014,-4
3/15/2014,-9
3/17/2014,4
3/17/2014,8
3/17/2014,12
3/17/2014,11
3/18/2014,14
3/18/2014,-75
3/18/2014,-23
3/18/2014,13
3/19/2014,0
3/19/2014,156
3/19/2014,42
3/19/2014,4
3/20/2014,1
3/21/2014,7
3/21/2014,83
3/21/2014,15
3/21/2014,-9
3/22/2014,-8
3/23/2014,274
3/24/2014,4
3/24/2014,173
3/25/2014,18
3/25/2014,47
3/26/2014,0
3/26/2014,6
3/26/2014,74
3/27/2014,26
3/27/2014,44
3/28/2014,-100
3/28/2014,3
3/28/2014,109
3/28/2014,191
3/29/2014,25
3/29/2014,5
3/31/2014,36
3/31/2014,8
4/1/2014,0
4/1/2014,3
4/2/2014,18
4/2/2014,4
4/3/2014,21
4/3/2014,-385
4/3/2014,99
4/3/2014,301
4/3/2014,-7
4/4/2014,17
4/4/2014,-223
4/5/2014,7
4/6/2014,4
4/6/2014,2
4/7/2014,8
4/7/2014,3
4/7/2014,105
4/7/2014,146
4/7/2014,59
4/8/2014,25
4/9/2014,8
4/9/2014,6
4/10/2014,55
4/10/2014,8
4/10/2014,4
4/10/2014,15
4/11/2014,4
4/12/2014,-59
4/12/2014,-42
4/13/2014,-80
4/13/2014,25
4/13/2014,27
4/14/2014,33
4/14/2014,0
4/14/2014,-225
4/14/2014,-6
4/14/2014,60
4/15/2014,3
4/15/2014,139
4/15/2014,24
4/16/2014,3
4/16/2014,1
4/16/2014,108
4/16/2014,1
4/17/2014,80
4/17/2014,4
4/17/2014,40
4/17/2014,7
4/17/2014,36
4/18/2014,8
4/19/2014,4
4/19/2014,20
4/19/2014,89
4/19/2014,-106
4/19/2014,11
4/20/2014,20
4/21/2014,-49
4/21/2014,93
4/21/2014,18
4/21/2014,51
4/21/2014,-43
4/23/2014,112
4/24/2014,125
4/24/2014,0
4/24/2014,29
4/25/2014,27
4/25/2014,-10
4/25/2014,0
4/25/2014,15
4/26/2014,2
4/26/2014,11
4/26/2014,0
4/26/2014,-66
4/26/2014,-29
4/28/2014,16
4/28/2014,118
4/29/2014,36
4/30/2014,3
4/30/2014,-40
4/30/2014,29
4/30/2014,22
4/30/2014,4
5/1/2014,28
5/1/2014,37
5/1/2014,-13
5/2/2014,25
5/2/2014,41
5/2/2014,108
5/2/2014,9
5/2/2014,24
5/2/2014,-31
5/2/2014,41
5/2/2014,12
5/3/2014,40
5/3/2014,1
5/3/2014,79
5/3/2014,95
5/5/2014,23
5/6/2014,95
5/7/2014,105
5/7/2014,12
5/7/2014,27
5/8/2014,6
5/8/2014,0
5/8/2014,60
5/8/2014,-43
5/8/2014,145
5/8/2014,9
5/9/2014,5
5/9/2014,9
5/9/2014,254
5/9/2014,3
5/9/2014,0
5/9/2014,16
5/9/2014,-29
5/10/2014,30
5/10/2014,-790
5/10/2014,22
5/10/2014,25
5/12/2014,3
5/12/2014,-32
5/13/2014,2
5/14/2014,-419
5/15/2014,-285
5/15/2014,-3
5/16/2014,25
5/16/2014,58
5/19/2014,1
5/19/2014,2
5/20/2014,99
5/20/2014,95
5/21/2014,13
5/21/2014,122
5/21/2014,98
5/22/2014,44
5/22/2014,31
5/23/2014,119
5/23/2014,0
5/24/2014,1
5/24/2014,132
5/24/2014,21
5/26/2014,-2
5/26/2014,0
5/26/2014,71
5/27/2014,28
5/27/2014,30
5/28/2014,30
5/28/2014,-130
5/29/2014,0
5/29/2014,22
5/29/2014,3
5/29/2014,28
5/29/2014,-57
5/30/2014,6
5/30/2014,24
5/30/2014,380
5/31/2014,19
6/2/2014,299
6/2/2014,1
6/2/2014,12
6/3/2014,98
6/3/2014,5
6/3/2014,23
6/3/2014,0
6/3/2014,9
6/3/2014,-8
6/3/2014,25
6/4/2014,-72
6/4/2014,41
6/4/2014,6
6/4/2014,87
6/4/2014,405
6/4/2014,0
6/4/2014,533
6/5/2014,10
6/5/2014,1
6/5/2014,354
6/5/2014,65
6/5/2014,116
6/6/2014,387
6/7/2014,9
6/8/2014,12
6/9/2014,29
6/9/2014,74
6/9/2014,25
6/9/2014,0
6/9/2014,9
6/9/2014,0
6/9/2014,8
6/9/2014,-6
6/9/2014,-1
6/10/2014,47
6/10/2014,181
6/10/2014,5
6/10/2014,9
6/10/2014,-8
6/10/2014,-49
6/11/2014,-29
6/11/2014,250
6/11/2014,250
6/11/2014,28
6/11/2014,125
6/11/2014,143
6/11/2014,12
6/11/2014,5
6/11/2014,14
6/11/2014,27
6/12/2014,21
6/12/2014,9
6/12/2014,36
6/12/2014,34
6/13/2014,0
6/13/2014,12
6/13/2014,-8
6/13/2014,-183
6/14/2014,12
6/14/2014,102
6/15/2014,56
6/16/2014,6
6/16/2014,614
6/16/2014,0
6/16/2014,9
6/16/2014,14
6/16/2014,-265
6/17/2014,26
6/17/2014,4
6/17/2014,133
6/17/2014,118
6/18/2014,79
6/18/2014,18
6/18/2014,-58
6/18/2014,759
6/18/2014,70
6/18/2014,-20
6/18/2014,121
6/18/2014,19
6/19/2014,25
6/19/2014,-5
6/19/2014,12
6/20/2014,0
6/20/2014,-56
6/20/2014,-7
6/21/2014,101
6/21/2014,67
6/22/2014,99
6/23/2014,115
6/23/2014,2
6/23/2014,6
6/23/2014,13
6/23/2014,112
6/23/2014,3
6/24/2014,13
6/24/2014,190
6/24/2014,-22
6/24/2014,34
6/24/2014,33
6/24/2014,1130
6/24/2014,18
6/24/2014,37
6/24/2014,40
6/25/2014,261
6/25/2014,84
6/25/2014,132
6/25/2014,-44
6/25/2014,-9
6/25/2014,0
6/26/2014,-71
6/26/2014,36
6/26/2014,-1346
6/26/2014,4
6/26/2014,64
6/26/2014,69
6/26/2014,2
6/26/2014,48
6/26/2014,30
6/26/2014,0
6/27/2014,-33
6/27/2014,179
6/27/2014,29
6/27/2014,20
6/27/2014,6
6/27/2014,26
6/27/2014,-9
6/30/2014,60
6/30/2014,48
6/30/2014,110
6/30/2014,162
6/30/2014,364
7/1/2014,81
7/1/2014,34
7/1/2014,65
7/1/2014,14
7/2/2014,2
7/3/2014,26
7/3/2014,128
7/4/2014,26
7/4/2014,18
7/4/2014,16
7/5/2014,22
7/5/2014,103
7/5/2014,24
7/7/2014,21
7/7/2014,114
7/7/2014,-22
7/7/2014,127
7/7/2014,13
7/8/2014,34
7/9/2014,-260
7/10/2014,-9
7/10/2014,-12
7/10/2014,116
7/10/2014,69
7/11/2014,24
7/11/2014,9
7/13/2014,13
7/14/2014,55
7/14/2014,22
7/14/2014,54
7/14/2014,360
7/15/2014,-34
7/16/2014,52
7/16/2014,6
7/16/2014,2
7/16/2014,216
7/16/2014,-6
7/16/2014,6
7/16/2014,71
7/17/2014,-4
7/18/2014,23
7/18/2014,26
7/19/2014,19
7/21/2014,206
7/22/2014,87
7/22/2014,-113
7/22/2014,18
7/24/2014,-1
7/24/2014,414
7/24/2014,-3
7/26/2014,42
7/26/2014,327
7/27/2014,17
7/28/2014,-51
7/28/2014,297
7/28/2014,14
7/28/2014,1164
7/28/2014,18
7/29/2014,-20
7/30/2014,58
7/30/2014,74
7/30/2014,-3
7/30/2014,6
7/30/2014,0
7/30/2014,125
7/30/2014,10
7/31/2014,3
7/31/2014,-66
7/31/2014,1
7/31/2014,363
7/31/2014,-4
7/31/2014,168
7/31/2014,1445
8/1/2014,13
8/1/2014,17
8/1/2014,2
8/2/2014,147
8/2/2014,0
8/2/2014,8
8/2/2014,-3
8/2/2014,-15
8/2/2014,-6
8/2/2014,-114
8/2/2014,26
8/2/2014,497
8/2/2014,68
8/3/2014,-18
8/3/2014,-2
8/4/2014,-44
8/4/2014,-172
8/4/2014,16
8/4/2014,21
8/4/2014,62
8/4/2014,14
8/4/2014,27
8/4/2014,47
8/4/2014,-10
8/4/2014,-36
8/5/2014,-254
8/5/2014,-53
8/5/2014,15
8/6/2014,7
8/6/2014,203
8/6/2014,104
8/6/2014,23
8/6/2014,-35
8/6/2014,-29
8/6/2014,-11
8/6/2014,-3
8/6/2014,4
8/6/2014,33
8/7/2014,9
8/7/2014,619
8/7/2014,-40
8/7/2014,24
8/7/2014,0
8/7/2014,39
8/7/2014,16
8/7/2014,-109
8/7/2014,14
8/7/2014,5
8/8/2014,10
8/8/2014,4
8/8/2014,-1
8/8/2014,64
8/8/2014,-97
8/8/2014,3
8/8/2014,39
8/8/2014,19
8/9/2014,7
8/9/2014,4
8/9/2014,28
8/11/2014,5
8/11/2014,0
8/11/2014,38
8/11/2014,16
8/11/2014,-89
8/11/2014,-127
8/11/2014,72
8/11/2014,-237
8/12/2014,-14
8/12/2014,-39
8/12/2014,-36
8/12/2014,-87
8/12/2014,10
8/12/2014,11
8/12/2014,4
8/12/2014,966
8/13/2014,79
8/13/2014,5
8/13/2014,5
8/13/2014,3
8/13/2014,17
8/13/2014,95
8/13/2014,31
8/14/2014,4
8/14/2014,7
8/14/2014,12
8/14/2014,55
8/14/2014,13
8/14/2014,14
8/14/2014,-38
8/14/2014,-63
8/15/2014,-656
8/15/2014,-9
8/15/2014,-15
8/15/2014,-25
8/15/2014,-31
8/16/2014,-1
8/16/2014,8
8/16/2014,228
8/16/2014,256
8/16/2014,10
8/18/2014,56
8/18/2014,0
8/18/2014,41
8/18/2014,-981
8/18/2014,19
8/18/2014,-68
8/18/2014,36
8/18/2014,23
8/18/2014,51
8/19/2014,2
8/19/2014,32
8/19/2014,-10
8/19/2014,28
8/19/2014,52
8/19/2014,-116
8/19/2014,37
8/20/2014,4
8/20/2014,82
8/20/2014,767
8/20/2014,75
8/20/2014,3
8/20/2014,44
8/20/2014,41
8/20/2014,4
8/21/2014,62
8/21/2014,-4
8/21/2014,17
8/21/2014,128
8/21/2014,3
8/21/2014,4
8/21/2014,17
8/22/2014,0
8/22/2014,84
8/22/2014,-28
8/22/2014,12
8/22/2014,-15
8/22/2014,3
8/22/2014,11
8/22/2014,46
8/23/2014,102
8/23/2014,74
8/23/2014,1
8/23/2014,166
8/23/2014,-18
8/23/2014,9
8/25/2014,31
8/25/2014,3
8/25/2014,63
8/25/2014,142
8/25/2014,2
8/25/2014,6
8/25/2014,1
8/25/2014,3
8/26/2014,83
8/26/2014,13
8/26/2014,15
8/26/2014,0
8/26/2014,26
8/26/2014,2
8/26/2014,48
8/26/2014,99
8/26/2014,143
8/27/2014,13
8/27/2014,6
8/27/2014,40
8/27/2014,9
8/27/2014,2
8/27/2014,482
8/27/2014,1296
8/27/2014,70
8/28/2014,16
8/28/2014,53
8/28/2014,0
8/28/2014,35
8/28/2014,15
8/28/2014,22
8/28/2014,-12
8/28/2014,-53
8/28/2014,445
8/29/2014,37
8/29/2014,4
8/29/2014,5
8/29/2014,46
8/29/2014,-44
8/29/2014,2
8/29/2014,16
8/29/2014,17
8/29/2014,1041
8/29/2014,147
8/29/2014,4
8/29/2014,8
8/30/2014,6
8/30/2014,38
8/31/2014,65
9/1/2014,-100
9/1/2014,6
9/1/2014,26
9/1/2014,12
9/1/2014,40
9/1/2014,186
9/1/2014,-317
9/2/2014,-106
9/2/2014,6
9/2/2014,-681
9/2/2014,19
9/2/2014,220
9/2/2014,38
9/2/2014,-25
9/2/2014,8
9/3/2014,-59
9/3/2014,1898
9/3/2014,472
9/3/2014,48
9/3/2014,349
9/3/2014,-4
9/3/2014,11
9/4/2014,31
9/4/2014,18
9/4/2014,115
9/4/2014,-157
9/4/2014,55
9/4/2014,24
9/4/2014,29
9/4/2014,75
9/4/2014,29
9/4/2014,4
9/5/2014,20
9/5/2014,3
9/5/2014,5
9/5/2014,13
9/5/2014,8
9/6/2014,7
9/6/2014,4
9/6/2014,383
9/6/2014,5
9/6/2014,11
9/8/2014,68
9/8/2014,29
9/8/2014,23
9/9/2014,236
9/9/2014,-644
9/9/2014,4
9/9/2014,6
9/9/2014,9
9/9/2014,198
9/10/2014,25
9/10/2014,80
9/10/2014,41
9/10/2014,45
9/10/2014,-1
9/10/2014,67
9/10/2014,9
9/11/2014,11
9/11/2014,9
9/11/2014,44
9/11/2014,50
9/11/2014,2
9/11/2014,28
9/11/2014,53
9/11/2014,225
9/11/2014,34
9/12/2014,-12
9/12/2014,5
9/12/2014,-450
9/12/2014,-2211
9/12/2014,-31
9/12/2014,82
9/13/2014,13
9/13/2014,15
9/15/2014,3
9/15/2014,21
9/15/2014,7
9/15/2014,23
9/15/2014,2
9/15/2014,4
9/16/2014,-4
9/16/2014,69
9/16/2014,7
9/16/2014,148
9/16/2014,-100
9/16/2014,46
9/16/2014,-5
9/16/2014,283
9/16/2014,18
9/16/2014,28
9/16/2014,119
9/16/2014,180
9/16/2014,890
9/17/2014,105
9/17/2014,231
9/17/2014,-6
9/17/2014,88
9/17/2014,17
9/17/2014,10
9/18/2014,12
9/18/2014,4
9/18/2014,-1
9/18/2014,70
9/18/2014,-44
9/18/2014,74
9/19/2014,52
9/19/2014,270
9/19/2014,27
9/19/2014,14
9/19/2014,43
9/19/2014,63
9/19/2014,4
9/19/2014,6
9/20/2014,48
9/20/2014,107
9/20/2014,29
9/21/2014,0
9/22/2014,13
9/22/2014,-26
9/22/2014,27
9/23/2014,53
9/23/2014,11
9/23/2014,71
9/23/2014,54
9/23/2014,148
9/23/2014,34
9/23/2014,8
9/24/2014,-28
9/24/2014,132
9/25/2014,8
9/25/2014,0
9/25/2014,41
9/25/2014,949
9/25/2014,8
9/25/2014,95
9/25/2014,15
9/26/2014,121
9/26/2014,209
9/26/2014,223
9/26/2014,9
9/26/2014,5
9/26/2014,8
9/26/2014,-10
9/26/2014,119
9/27/2014,-125
9/27/2014,39
9/27/2014,23
9/28/2014,-4
9/29/2014,-33
9/29/2014,-145
9/29/2014,13
9/29/2014,101
9/29/2014,3
9/30/2014,6
9/30/2014,-6
9/30/2014,134
9/30/2014,16
9/30/2014,33
9/30/2014,417
10/1/2014,-1
10/1/2014,57
10/1/2014,8
10/2/2014,3
10/2/2014,-297
10/3/2014,19
10/3/2014,27
10/3/2014,21
10/5/2014,175
10/6/2014,2
10/6/2014,205
10/6/2014,10
10/7/2014,4
10/7/2014,21
10/7/2014,140
10/8/2014,0
10/8/2014,49
10/9/2014,6
10/10/2014,54
10/10/2014,0
10/10/2014,-3
10/11/2014,32
10/13/2014,6
10/13/2014,112
10/13/2014,16
10/13/2014,-396
10/13/2014,11
10/13/2014,130
10/13/2014,64
10/13/2014,-139
10/13/2014,16
10/14/2014,200
10/14/2014,-5
10/14/2014,-73
10/15/2014,6
10/15/2014,59
10/16/2014,13
10/16/2014,1
10/17/2014,14
10/17/2014,34
10/17/2014,1
10/18/2014,16
10/20/2014,28
10/20/2014,4
10/20/2014,144
10/20/2014,-24
10/20/2014,4
10/20/2014,207
10/21/2014,-187
10/21/2014,-114
10/22/2014,14
10/23/2014,2
10/23/2014,221
10/23/2014,47
10/23/2014,0
10/23/2014,14
10/24/2014,25
10/24/2014,398
10/24/2014,69
10/24/2014,5
10/24/2014,70
10/24/2014,71
10/27/2014,71
10/27/2014,8
10/28/2014,11
10/29/2014,359
10/29/2014,144
10/29/2014,9
10/30/2014,-130
10/30/2014,-153
10/30/2014,9
10/30/2014,78
10/30/2014,97
10/31/2014,-62
10/31/2014,34
10/31/2014,45
11/1/2014,-26
11/1/2014,2
11/2/2014,16
11/3/2014,12
11/3/2014,26
11/3/2014,20
11/3/2014,34
11/4/2014,232
11/4/2014,14
11/4/2014,51
11/4/2014,2
11/5/2014,4
11/5/2014,86
11/5/2014,15
11/5/2014,0
11/5/2014,3
11/6/2014,2
11/6/2014,8
11/6/2014,10
11/6/2014,49
11/6/2014,17
11/7/2014,-73
11/7/2014,8
11/7/2014,16
11/7/2014,104
11/7/2014,29
11/7/2014,73
11/7/2014,-56
11/7/2014,-224
11/7/2014,16
11/7/2014,17
11/8/2014,-67
11/8/2014,30
11/8/2014,28
11/8/2014,6
11/10/2014,15
11/10/2014,215
11/10/2014,125
11/10/2014,-69
11/10/2014,-13
11/10/2014,52
11/10/2014,5
11/10/2014,33
11/10/2014,143
11/10/2014,-167
11/11/2014,19
11/11/2014,0
11/11/2014,145
11/11/2014,24
11/11/2014,34
11/12/2014,1
11/12/2014,25
11/12/2014,589
11/12/2014,1042
11/12/2014,6
11/12/2014,-317
11/12/2014,-1
11/12/2014,-292
11/13/2014,5
11/13/2014,6
11/13/2014,-6
11/13/2014,35
11/13/2014,46
11/14/2014,21
11/14/2014,12
11/14/2014,120
11/15/2014,2
11/15/2014,22
11/15/2014,-21
11/15/2014,33
11/15/2014,7
11/16/2014,6
11/17/2014,11
11/17/2014,2
11/17/2014,-78
11/17/2014,-15
11/17/2014,13
11/17/2014,-179
11/17/2014,5
11/17/2014,-131
11/17/2014,115
11/17/2014,18
11/18/2014,46
11/18/2014,194
11/18/2014,0
11/18/2014,132
11/18/2014,49
11/18/2014,213
11/18/2014,29
11/18/2014,2
11/19/2014,266
11/19/2014,-69
11/19/2014,-6
11/19/2014,75
11/19/2014,-478
11/19/2014,80
11/20/2014,29
11/20/2014,28
11/20/2014,139
11/20/2014,228
11/20/2014,3
11/20/2014,16
11/20/2014,7
11/21/2014,-306
11/21/2014,21
11/21/2014,84
11/21/2014,30
11/21/2014,5
11/22/2014,3
11/23/2014,213
11/24/2014,17
11/24/2014,5
11/24/2014,1
11/24/2014,13
11/24/2014,107
11/24/2014,72
11/25/2014,977
11/25/2014,31
11/25/2014,11
11/25/2014,21
11/25/2014,-276
11/25/2014,-12
11/25/2014,-16
11/25/2014,-197
11/26/2014,-33
11/26/2014,-57
11/26/2014,36
11/26/2014,11
11/26/2014,-6
11/27/2014,147
11/27/2014,5
11/27/2014,12
11/27/2014,4
11/27/2014,62
11/27/2014,78
11/27/2014,18
11/28/2014,146
11/28/2014,7
11/28/2014,1141
11/28/2014,41
11/29/2014,29
11/29/2014,18
11/29/2014,59
12/1/2014,17
12/1/2014,96
12/1/2014,13
12/1/2014,3
12/2/2014,1
12/2/2014,21
12/2/2014,-10
12/2/2014,-445
12/2/2014,-6
12/2/2014,4
12/3/2014,-8
12/3/2014,-8
12/3/2014,-166
12/4/2014,11
12/4/2014,-89
12/4/2014,-16
12/4/2014,842
12/4/2014,66
12/4/2014,506
12/4/2014,-14
12/5/2014,-13
12/5/2014,-49
12/5/2014,-59
12/5/2014,-24
12/5/2014,39
12/5/2014,5
12/5/2014,99
12/6/2014,25
12/6/2014,22
12/6/2014,0
12/7/2014,-184
12/8/2014,0
12/8/2014,5
12/8/2014,0
12/8/2014,4
12/8/2014,72
12/9/2014,21
12/9/2014,15
12/9/2014,11
12/9/2014,42
12/9/2014,21
12/9/2014,-422
12/10/2014,14
12/10/2014,114
12/10/2014,0
12/10/2014,9
12/10/2014,86
12/11/2014,50
12/11/2014,1
12/12/2014,0
12/12/2014,33
12/12/2014,68
12/12/2014,2
12/12/2014,-24
12/12/2014,28
12/12/2014,-3060
12/12/2014,32
12/13/2014,19
12/13/2014,5
12/13/2014,219
12/13/2014,22
12/14/2014,46
12/15/2014,34
12/15/2014,0
12/15/2014,43
12/15/2014,324
12/15/2014,14
12/15/2014,-54
12/16/2014,-24
12/16/2014,-27
12/16/2014,-121
12/16/2014,-9
12/16/2014,-1
12/16/2014,-343
12/16/2014,47
12/16/2014,8
12/17/2014,19
12/17/2014,18
12/17/2014,59
12/17/2014,88
12/17/2014,3
12/18/2014,32
12/18/2014,3
12/18/2014,31
12/18/2014,19
12/18/2014,9
12/18/2014,56
12/19/2014,11
12/19/2014,2
12/19/2014,57
12/19/2014,5
12/19/2014,13
12/19/2014,10
12/19/2014,-198
12/19/2014,-6
12/19/2014,84
12/19/2014,80
12/20/2014,-41
12/20/2014,-6
12/22/2014,-11
12/22/2014,8
12/23/2014,-58
12/23/2014,58
12/23/2014,32
12/24/2014,5
12/24/2014,82
12/24/2014,298
12/24/2014,47
12/24/2014,48
12/24/2014,21
12/24/2014,-4
12/24/2014,20
12/25/2014,28
12/25/2014,28
12/25/2014,59
12/25/2014,852
12/25/2014,236
12/25/2014,92
12/25/2014,19
12/25/2014,10
12/25/2014,45
12/25/2014,286
12/25/2014,-12
12/26/2014,345
12/26/2014,3
12/26/2014,448
12/26/2014,15
12/26/2014,15
12/26/2014,1
12/26/2014,130
12/26/2014,35
12/26/2014,480
12/26/2014,176
12/26/2014,10
12/26/2014,1
12/27/2014,43
12/27/2014,-2
12/27/2014,24
12/27/2014,299
12/28/2014,95
12/29/2014,0
12/29/2014,-19
12/29/2014,13
12/29/2014,15
12/29/2014,21
12/29/2014,174
12/29/2014,60
12/29/2014,11
12/30/2014,-643
12/30/2014,61
12/30/2014,20
12/30/2014,2
12/30/2014,22
12/30/2014,-40
12/31/2014,-2
12/31/2014,-10
12/31/2014,8
12/31/2014,33
12/31/2014,22
12/31/2014,-61
